"id"	"vld"	"species"	"species_complete"	"species_taxid"	"taxon"	"source"	"release_date"	"submitter"	"assembly_name"	"assembly_description"	"accession"	"assembly_level"	"genome_size"	"HCN"	"GC"	"link"	"ref"	"year"	"title"	"DOI"
"Actinidia_chinensis_GCA_003024255.1"	"TRUE"	"Actinidia_chinensis"	"Actinidia_chinensis"	1590841	"angiosperm"	"ensembl"	"30/03/2018"	"The New Zealand Institute for Plant and Food Research Ltd"	"Red5_PS1_1.69.0"	"NA"	"GCA_003024255.1"	"chromosome"	"NA"	"NA"	"NA"	"ftp://ftp.ensemblgenomes.org/pub/release-45/plants/genbank/"	"NA"	"NA"	"NA"	"NA"
"Aegilops_tauschii_GCA_002575655.1"	"TRUE"	"Aegilops_tauschii"	"Aegilops_tauschii"	200361	"angiosperm"	"ensembl"	"18/10/2017"	"Johns Hopkins University"	"Aet v4.0"	"NA"	"GCA_002575655.1"	"chromosome"	"NA"	"NA"	"NA"	"ftp://ftp.ensemblgenomes.org/pub/release-45/plants/genbank/"	"NA"	"NA"	"NA"	"NA"
"Amborella_trichopoda_GCA_000471905.1"	"TRUE"	"Amborella_trichopoda"	"Amborella_trichopoda"	13333	"angiosperm"	"ensembl"	"06/11/2013"	"Amborella Genome Sequencing Project"	"AMTR1.0"	"NA"	"GCA_000471905.1"	"chromosome"	"NA"	"NA"	"NA"	"ftp://ftp.ensemblgenomes.org/pub/release-45/plants/genbank/"	"NA"	"NA"	"NA"	"NA"
"Arabidopsis_halleri_GCA_900078215.1"	"TRUE"	"Arabidopsis_halleri"	"Arabidopsis_halleri"	63677	"angiosperm"	"ensembl"	"04/10/2016"	"UNIVERSITY OF ZUERICH"	"Ahal2.2"	"NA"	"GCA_900078215.1"	"chromosome"	"NA"	"NA"	"NA"	"ftp://ftp.ensemblgenomes.org/pub/release-45/plants/genbank/"	"NA"	"NA"	"NA"	"NA"
"Arabidopsis_lyrata_GCA_000004255.1"	"TRUE"	"Arabidopsis_lyrata"	"Arabidopsis_lyrata"	81972	"angiosperm"	"ensembl"	"02/06/2010"	"US DOE Joint Genome Institute (JGI-PGF)"	"v.1.0"	"NA"	"GCA_000004255.1"	"chromosome"	"NA"	"NA"	"NA"	"ftp://ftp.ensemblgenomes.org/pub/release-45/plants/genbank/"	"NA"	"NA"	"NA"	"NA"
"Arabidopsis_thaliana_GCA_000001735.1"	"TRUE"	"Arabidopsis_thaliana"	"Arabidopsis_thaliana"	3702	"angiosperm"	"ensembl"	"01/06/2011"	"The Arabidopsis Information Resource (TAIR)"	"TAIR10"	"NA"	"GCA_000001735.1"	"chromosome"	"NA"	"NA"	"NA"	"ftp://ftp.ensemblgenomes.org/pub/release-45/plants/genbank/"	"NA"	"NA"	"NA"	"NA"
"Beta_vulgaris_GCA_000511025.2"	"TRUE"	"Beta_vulgaris"	"Beta_vulgaris"	3555	"angiosperm"	"ensembl"	"08/07/2015"	"Beta vulgaris resource"	"RefBeet-1.2.2"	"NA"	"GCA_000511025.2"	"chromosome"	"NA"	"NA"	"NA"	"ftp://ftp.ensemblgenomes.org/pub/release-45/plants/genbank/"	"NA"	"NA"	"NA"	"NA"
"Brachypodium_distachyon_GCA_000005505.4"	"TRUE"	"Brachypodium_distachyon"	"Brachypodium_distachyon"	15368	"angiosperm"	"ensembl"	"27/02/2018"	"JGI-PGF"	"Brachypodium_distachyon_v3.0"	"NA"	"GCA_000005505.4"	"chromosome"	"NA"	"NA"	"NA"	"ftp://ftp.ensemblgenomes.org/pub/release-45/plants/genbank/"	"NA"	"NA"	"NA"	"NA"
"Brassica_napus_GCA_000751015.1"	"TRUE"	"Brassica_napus"	"Brassica_napus"	3708	"angiosperm"	"ensembl"	"09/09/2014"	"GSC"	"AST_PRJEB5043_v1"	"NA"	"GCA_000751015.1"	"chromosome"	"NA"	"NA"	"NA"	"ftp://ftp.ensemblgenomes.org/pub/release-45/plants/genbank/"	"NA"	"NA"	"NA"	"NA"
"Brassica_oleracea_GCA_000695525.1"	"TRUE"	"Brassica_oleracea"	"Brassica_oleracea"	109376	"angiosperm"	"ensembl"	"27/05/2014"	"CanSeq"	"BOL"	"NA"	"GCA_000695525.1"	"chromosome"	"NA"	"NA"	"NA"	"ftp://ftp.ensemblgenomes.org/pub/release-45/plants/genbank/"	"NA"	"NA"	"NA"	"NA"
"Brassica_rapa_GCA_000309985.3"	"TRUE"	"Brassica_rapa"	"Brassica_rapa"	3711	"angiosperm"	"ensembl"	"07/11/2012"	"Brassica rapa genome sequencing project"	" BraGSP"	"Brapa_1.0"	"GCA_000309985.3"	"chromosome"	"NA"	"NA"	"NA"	"ftp://ftp.ensemblgenomes.org/pub/release-45/plants/genbank/"	"NA"	"NA"	"NA"	"NA"
"Capsicum_annuum_GCA_000512255.2"	"TRUE"	"Capsicum_annuum"	"Capsicum_annuum"	4072	"angiosperm"	"ensembl"	"30/10/2017"	"Seoul National University"	"ASM51225v2"	"NA"	"GCA_000512255.2"	"chromosome"	"NA"	"NA"	"NA"	"ftp://ftp.ensemblgenomes.org/pub/release-45/plants/genbank/"	"NA"	"NA"	"NA"	"NA"
"Chlamydomonas_reinhardtii_GCA_000002595.3"	"TRUE"	"Chlamydomonas_reinhardtii"	"Chlamydomonas_reinhardtii"	3055	"NA"	"ensembl"	"26/01/2018"	"DOE Joint Genome Institute"	"Chlamydomonas_reinhardtii_v5.5"	"NA"	"GCA_000002595.3"	"chromosome"	"NA"	"NA"	"NA"	"ftp://ftp.ensemblgenomes.org/pub/release-45/plants/genbank/"	"NA"	"NA"	"NA"	"NA"
"Chondrus_crispus_GCA_000350225.2"	"TRUE"	"Chondrus_crispus"	"Chondrus_crispus"	2769	"NA"	"ensembl"	"19/07/2013"	"Genoscope - Centre National de Sequencage"	"ASM35022v2"	"NA"	"GCA_000350225.2"	"chromosome"	"NA"	"NA"	"NA"	"ftp://ftp.ensemblgenomes.org/pub/release-45/plants/genbank/"	"NA"	"NA"	"NA"	"NA"
"Coffea_canephora_GCA_900059795.1"	"TRUE"	"Coffea_canephora"	"Coffea_canephora"	49390	"angiosperm"	"ensembl"	"08/04/2019"	"Genoscope CEA"	"AUK_PRJEB4211_v1"	"NA"	"GCA_900059795.1"	"chromosome"	"NA"	"NA"	"NA"	"ftp://ftp.ensemblgenomes.org/pub/release-45/plants/genbank/"	"NA"	"NA"	"NA"	"NA"
"Corchorus_capsularis_GCA_001974805.1"	"TRUE"	"Corchorus_capsularis"	"Corchorus_capsularis"	210143	"angiosperm"	"ensembl"	"30/01/2017"	"Basic &amp; Applied Research on Jute Project; Bangladesh Jute Research Institute"	"CCACVL1_1.0"	"NA"	"GCA_001974805.1"	"chromosome"	"NA"	"NA"	"NA"	"ftp://ftp.ensemblgenomes.org/pub/release-45/plants/genbank/"	"NA"	"NA"	"NA"	"NA"
"Cucumis_sativus_GCA_000004075.2"	"TRUE"	"Cucumis_sativus"	"Cucumis_sativus"	3659	"angiosperm"	"ensembl"	"27/10/2014"	"The Cucumber Genome Initiative"	"ASM407v2"	"NA"	"GCA_000004075.2"	"chromosome"	"NA"	"NA"	"NA"	"ftp://ftp.ensemblgenomes.org/pub/release-45/plants/genbank/"	"NA"	"NA"	"NA"	"NA"
"Cyanidioschyzon_merolae_GCA_000091205.1"	"TRUE"	"Cyanidioschyzon_merolae"	"Cyanidioschyzon_merolae"	280699	"NA"	"ensembl"	"14/06/2010"	"National Institute of Genetics"	" Japan"	"ASM9120v1"	"GCA_000091205.1"	"chromosome"	"NA"	"NA"	"NA"	"ftp://ftp.ensemblgenomes.org/pub/release-45/plants/genbank/"	"NA"	"NA"	"NA"	"NA"
"Cynara_cardunculus_GCA_001531365.1"	"TRUE"	"Cynara_cardunculus"	"Cynara_cardunculus"	59895	"angiosperm"	"ensembl"	"17/04/2018"	"Compositae Genome Project"	"CcrdV1"	"NA"	"GCA_001531365.1"	"chromosome"	"NA"	"NA"	"NA"	"ftp://ftp.ensemblgenomes.org/pub/release-45/plants/genbank/"	"NA"	"NA"	"NA"	"NA"
"Daucus_carota_GCA_001625215.1"	"TRUE"	"Daucus_carota"	"Daucus_carota"	79200	"angiosperm"	"ensembl"	"25/05/2016"	"USDA ARS"	"ASM162521v1"	"NA"	"GCA_001625215.1"	"chromosome"	"NA"	"NA"	"NA"	"ftp://ftp.ensemblgenomes.org/pub/release-45/plants/genbank/"	"NA"	"NA"	"NA"	"NA"
"Dioscorea_rotundata_GCA_002240015.2"	"TRUE"	"Dioscorea_rotundata"	"Dioscorea_rotundata"	55577	"angiosperm"	"ensembl"	"30/08/2017"	"Iwate Biotechnology Research Center"	"TDr96_F1_Pseudo_Chromosome_v1.0"	"NA"	"GCA_002240015.2"	"chromosome"	"NA"	"NA"	"NA"	"ftp://ftp.ensemblgenomes.org/pub/release-45/plants/genbank/"	"NA"	"NA"	"NA"	"NA"
"Eragrostis_tef_GCA_000970635.1"	"TRUE"	"Eragrostis_tef"	"Eragrostis_tef"	110835	"angiosperm"	"ensembl"	"08/04/2015"	"Tef Genome Sequencing Initiative Webpage"	"ASM97063v1"	"NA"	"GCA_000970635.1"	"chromosome"	"NA"	"NA"	"NA"	"ftp://ftp.ensemblgenomes.org/pub/release-45/plants/genbank/"	"NA"	"NA"	"NA"	"NA"
"Galdieria_sulphuraria_GCA_000341285.1"	"TRUE"	"Galdieria_sulphuraria"	"Galdieria_sulphuraria"	130081	"NA"	"ensembl"	"25/02/2013"	"Galdieria sulphuraria Genome Project"	"ASM34128v1"	"NA"	"GCA_000341285.1"	"chromosome"	"NA"	"NA"	"NA"	"ftp://ftp.ensemblgenomes.org/pub/release-45/plants/genbank/"	"NA"	"NA"	"NA"	"NA"
"Glycine_max_GCA_000004515.4"	"TRUE"	"Glycine_max"	"Glycine_max"	3847	"angiosperm"	"ensembl"	"24/07/2018"	"US DOE Joint Genome Institute (JGI-PGF)"	"Glycine_max_v2.1"	"NA"	"GCA_000004515.4"	"chromosome"	"NA"	"NA"	"NA"	"ftp://ftp.ensemblgenomes.org/pub/release-45/plants/genbank/"	"NA"	"NA"	"NA"	"NA"
"Gossypium_raimondii_GCA_000327365.1"	"TRUE"	"Gossypium_raimondii"	"Gossypium_raimondii"	29730	"angiosperm"	"ensembl"	"29/12/2012"	"DOE Joint Genome Institute"	"Graimondii2_0"	"NA"	"GCA_000327365.1"	"chromosome"	"NA"	"NA"	"NA"	"ftp://ftp.ensemblgenomes.org/pub/release-45/plants/genbank/"	"NA"	"NA"	"NA"	"NA"
"Helianthus_annuus_GCA_002127325.1"	"TRUE"	"Helianthus_annuus"	"Helianthus_annuus"	4232	"angiosperm"	"ensembl"	"12/05/2017"	"International Consortium for Sunflower Genomics"	"HanXRQr1.0"	"NA"	"GCA_002127325.1"	"chromosome"	"NA"	"NA"	"NA"	"ftp://ftp.ensemblgenomes.org/pub/release-45/plants/genbank/"	"NA"	"NA"	"NA"	"NA"
"Hordeum_vulgare_GCA_900075435.2"	"TRUE"	"Hordeum_vulgare"	"Hordeum_vulgare"	112509	"angiosperm"	"ensembl"	"08/06/2017"	"IBSC"	"barley BACs 2"	"NA"	"GCA_900075435.2"	"chromosome"	"NA"	"NA"	"NA"	"ftp://ftp.ensemblgenomes.org/pub/release-45/plants/genbank/"	"NA"	"NA"	"NA"	"NA"
"Leersia_perrieri_GCA_000325765.3"	"TRUE"	"Leersia_perrieri"	"Leersia_perrieri"	77586	"angiosperm"	"ensembl"	"25/03/2014"	"Arizona Genomics Institute"	"Lperr_V1.4"	"NA"	"GCA_000325765.3"	"chromosome"	"NA"	"NA"	"NA"	"ftp://ftp.ensemblgenomes.org/pub/release-45/plants/genbank/"	"NA"	"NA"	"NA"	"NA"
"Lupinus_angustifolius_GCA_001865875.1"	"TRUE"	"Lupinus_angustifolius"	"Lupinus_angustifolius"	3871	"angiosperm"	"ensembl"	"16/11/2016"	"CSIRO"	"LupAngTanjil_v1.0"	"NA"	"GCA_001865875.1"	"chromosome"	"NA"	"NA"	"NA"	"ftp://ftp.ensemblgenomes.org/pub/release-45/plants/genbank/"	"NA"	"NA"	"NA"	"NA"
"Manihot_esculenta_GCA_001659605.1"	"TRUE"	"Manihot_esculenta"	"Manihot_esculenta"	3983	"angiosperm"	"ensembl"	"10/06/2016"	"DOE-Joint Genome Institute"	"Manihot esculenta v6"	"NA"	"GCA_001659605.1"	"chromosome"	"NA"	"NA"	"NA"	"ftp://ftp.ensemblgenomes.org/pub/release-45/plants/genbank/"	"NA"	"NA"	"NA"	"NA"
"Marchantia_polymorpha_GCA_003032435.1"	"TRUE"	"Marchantia_polymorpha"	"Marchantia_polymorpha"	3197	"NA"	"ensembl"	"17/04/2018"	"DOE Joint Genome Institute"	"Marchanta_polymorpha_v1"	"NA"	"GCA_003032435.1"	"chromosome"	"NA"	"NA"	"NA"	"ftp://ftp.ensemblgenomes.org/pub/release-45/plants/genbank/"	"NA"	"NA"	"NA"	"NA"
"Medicago_truncatula_GCA_000219495.2"	"TRUE"	"Medicago_truncatula"	"Medicago_truncatula"	3880	"angiosperm"	"ensembl"	"19/06/2014"	"Medicago truncatula Consortium"	"MedtrA17_4.0"	"NA"	"GCA_000219495.2"	"chromosome"	"NA"	"NA"	"NA"	"ftp://ftp.ensemblgenomes.org/pub/release-45/plants/genbank/"	"NA"	"NA"	"NA"	"NA"
"Musa_acuminata_GCA_000313855.1"	"TRUE"	"Musa_acuminata"	"Musa_acuminata"	214687	"angiosperm"	"ensembl"	"21/11/2012"	"Genoscope/IG/CEA"	"ASM31385v1"	"NA"	"GCA_000313855.1"	"chromosome"	"NA"	"NA"	"NA"	"ftp://ftp.ensemblgenomes.org/pub/release-45/plants/genbank/"	"NA"	"NA"	"NA"	"NA"
"Nicotiana_attenuata_GCA_001879085.1"	"TRUE"	"Nicotiana_attenuata"	"Nicotiana_attenuata"	49451	"angiosperm"	"ensembl"	"15/11/2016"	"Max Planck Institute for Chemical Ecology"	"NIATTr2"	"NA"	"GCA_001879085.1"	"chromosome"	"NA"	"NA"	"NA"	"ftp://ftp.ensemblgenomes.org/pub/release-45/plants/genbank/"	"NA"	"NA"	"NA"	"NA"
"Oryza_barthii_GCA_000182155.2"	"TRUE"	"Oryza_barthii"	"Oryza_barthii"	65489	"angiosperm"	"ensembl"	"31/03/2014"	"Oryza Chr3 Short Arm Comparative Sequencing Project"	"O.barthii_v1"	"Oryza barthii whole genome assembly v1"	"GCA_000182155.2"	"chromosome"	"NA"	"NA"	"NA"	"ftp://ftp.ensemblgenomes.org/pub/release-45/plants/genbank/"	"NA"	"NA"	"NA"	"NA"
"Oryza_brachyantha_GCA_000231095.2"	"TRUE"	"Oryza_brachyantha"	"Oryza_brachyantha"	4533	"angiosperm"	"ensembl"	"23/01/2012"	"The Institute of Genetics and Developmental Biology"	"Oryza_brachyantha.v1.4b"	"NA"	"GCA_000231095.2"	"chromosome"	"NA"	"NA"	"NA"	"ftp://ftp.ensemblgenomes.org/pub/release-45/plants/genbank/"	"NA"	"NA"	"NA"	"NA"
"Oryza_glaberrima_GCA_000147395.1"	"TRUE"	"Oryza_glaberrima"	"Oryza_glaberrima"	4538	"angiosperm"	"ensembl"	"23/09/2010"	"The Oryza Map Alignment Project (OMAP)"	"Oryza_glaberrima_V1"	"NA"	"GCA_000147395.1"	"chromosome"	"NA"	"NA"	"NA"	"ftp://ftp.ensemblgenomes.org/pub/release-45/plants/genbank/"	"NA"	"NA"	"NA"	"NA"
"Oryza_glumipatula_GCA_000576495.1"	"TRUE"	"Oryza_glumipatula"	"Oryza_glumipatula"	40148	"angiosperm"	"ensembl"	"26/02/2014"	"Oryza Map Alignment Project (OMAP)"	"Oryza_glumaepatula_v1.5"	"NA"	"GCA_000576495.1"	"chromosome"	"NA"	"NA"	"NA"	"ftp://ftp.ensemblgenomes.org/pub/release-45/plants/genbank/"	"NA"	"NA"	"NA"	"NA"
"Oryza_sativa_GCA_000004655.2"	"TRUE"	"Oryza_sativa"	"Oryza_sativa_Indica_Group"	39946	"angiosperm"	"ensembl"	"07/10/2011"	"Beijing Institute of Genomics"	" Chinese Academy of Sciences"	"ASM465v1"	"GCA_000004655.2"	"chromosome"	"NA"	"NA"	"NA"	"ftp://ftp.ensemblgenomes.org/pub/release-45/plants/genbank/"	"NA"	"NA"	"NA"	"NA"
"Oryza_longistaminata_GCA_000789195.1"	"TRUE"	"Oryza_longistaminata"	"Oryza_longistaminata"	4528	"angiosperm"	"ensembl"	"10/12/2014"	"BGI"	"O_longistaminata_v1.0"	"NA"	"GCA_000789195.1"	"chromosome"	"NA"	"NA"	"NA"	"ftp://ftp.ensemblgenomes.org/pub/release-45/plants/genbank/"	"NA"	"NA"	"NA"	"NA"
"Oryza_meridionalis_GCA_000338895.2"	"TRUE"	"Oryza_meridionalis"	"Oryza_meridionalis"	40149	"angiosperm"	"ensembl"	"27/02/2014"	"Oryza Map Alignment Project (OMAP)"	"Oryza_meridionalis_v1.3"	"NA"	"GCA_000338895.2"	"chromosome"	"NA"	"NA"	"NA"	"ftp://ftp.ensemblgenomes.org/pub/release-45/plants/genbank/"	"NA"	"NA"	"NA"	"NA"
"Oryza_nivara_GCA_000576065.1"	"TRUE"	"Oryza_nivara"	"Oryza_nivara"	4536	"angiosperm"	"ensembl"	"25/02/2014"	"Oryza Map Alignment Project (OMAP)"	"Oryza_nivara_v1.0"	"NA"	"GCA_000576065.1"	"chromosome"	"NA"	"NA"	"NA"	"ftp://ftp.ensemblgenomes.org/pub/release-45/plants/genbank/"	"NA"	"NA"	"NA"	"NA"
"Oryza_punctata_GCA_000573905.1"	"TRUE"	"Oryza_punctata"	"Oryza_punctata"	4537	"angiosperm"	"ensembl"	"25/02/2014"	"The Oryza Map Alignment Project (OMAP)"	"Oryza_punctata_v1.2"	"NA"	"GCA_000573905.1"	"chromosome"	"NA"	"NA"	"NA"	"ftp://ftp.ensemblgenomes.org/pub/release-45/plants/genbank/"	"NA"	"NA"	"NA"	"NA"
"Oryza_rufipogon_GCA_000817225.1"	"TRUE"	"Oryza_rufipogon"	"Oryza_rufipogon"	4529	"angiosperm"	"ensembl"	"12/01/2015"	"NCGR"	"OR_W1943"	"NA"	"GCA_000817225.1"	"chromosome"	"NA"	"NA"	"NA"	"ftp://ftp.ensemblgenomes.org/pub/release-45/plants/genbank/"	"NA"	"NA"	"NA"	"NA"
"Oryza_sativa_GCA_001433935.1"	"TRUE"	"Oryza_sativa"	"Oryza_sativa_Japonica_Group"	39947	"angiosperm"	"ensembl"	"06/11/2015"	"National Institute of Agrobiological Sciences"	"IRGSP-1.0"	"Os-Nipponbare-Reference-IRGSP-1.0"	"GCA_001433935.1"	"chromosome"	"NA"	"NA"	"NA"	"ftp://ftp.ensemblgenomes.org/pub/release-45/plants/genbank/"	"NA"	"NA"	"NA"	"NA"
"Ostreococcus_lucimarinus_GCA_000092065.1"	"TRUE"	"Ostreococcus_lucimarinus"	"Ostreococcus_lucimarinus"	436017	"NA"	"ensembl"	"14/06/2010"	"US DOE Joint Genome Institute"	"ASM9206v1"	"NA"	"GCA_000092065.1"	"chromosome"	"NA"	"NA"	"NA"	"ftp://ftp.ensemblgenomes.org/pub/release-45/plants/genbank/"	"NA"	"NA"	"NA"	"NA"
"Panicum_hallii_GCA_002211085.2"	"TRUE"	"Panicum_hallii"	"Panicum_hallii_FIL2"	206008	"angiosperm"	"ensembl"	"01/05/2018"	"DOE Joint Genome Institute"	"PHallii_v3.1"	"NA"	"GCA_002211085.2"	"chromosome"	"NA"	"NA"	"NA"	"ftp://ftp.ensemblgenomes.org/pub/release-45/plants/genbank/"	"NA"	"NA"	"NA"	"NA"
"Panicum_hallii_GCA_003061485.1"	"TRUE"	"Panicum_hallii"	"Panicum_hallii_HAL2"	1504633	"angiosperm"	"ensembl"	"25/04/2018"	"DOE Joint Genome Institute"	"PhalliiHAL_v2.1"	"NA"	"GCA_003061485.1"	"chromosome"	"NA"	"NA"	"NA"	"ftp://ftp.ensemblgenomes.org/pub/release-45/plants/genbank/"	"NA"	"NA"	"NA"	"NA"
"Phaseolus_vulgaris_GCA_000499845.1"	"TRUE"	"Phaseolus_vulgaris"	"Phaseolus_vulgaris"	3885	"angiosperm"	"ensembl"	"02/12/2013"	"JGI"	"PhaVulg1_0"	"NA"	"GCA_000499845.1"	"chromosome"	"NA"	"NA"	"NA"	"ftp://ftp.ensemblgenomes.org/pub/release-45/plants/genbank/"	"NA"	"NA"	"NA"	"NA"
"Physcomitrella_patens_GCA_000002425.2"	"TRUE"	"Physcomitrella_patens"	"Physcomitrella_patens"	3218	"NA"	"ensembl"	"24/01/2018"	"Moss Genome Consortium"	"Phypa V3"	"NA"	"GCA_000002425.2"	"chromosome"	"NA"	"NA"	"NA"	"ftp://ftp.ensemblgenomes.org/pub/release-45/plants/genbank/"	"NA"	"NA"	"NA"	"NA"
"Populus_trichocarpa_GCA_000002775.3"	"TRUE"	"Populus_trichocarpa"	"Populus_trichocarpa"	3694	"angiosperm"	"ensembl"	"24/01/2018"	"US DOE Joint Genome Institute (JGI"	"Pop_tri_v3"	"NA"	"GCA_000002775.3"	"chromosome"	"NA"	"NA"	"NA"	"ftp://ftp.ensemblgenomes.org/pub/release-45/plants/genbank/"	"NA"	"NA"	"NA"	"NA"
"Prunus_persica_GCA_000346465.2"	"TRUE"	"Prunus_persica"	"Prunus_persica"	3760	"angiosperm"	"ensembl"	"02/02/2017"	"PGF"	"Prunus_persica_NCBIv2"	"NA"	"GCA_000346465.2"	"chromosome"	"NA"	"NA"	"NA"	"ftp://ftp.ensemblgenomes.org/pub/release-45/plants/genbank/"	"NA"	"NA"	"NA"	"NA"
"Selaginella_moellendorffii_GCA_000143415.1"	"TRUE"	"Selaginella_moellendorffii"	"Selaginella_moellendorffii"	88036	"moss"	"ensembl"	"07/07/2010"	"Selaginella Consortium"	"v1.0"	"NA"	"GCA_000143415.1"	"chromosome"	"NA"	"NA"	"NA"	"ftp://ftp.ensemblgenomes.org/pub/release-45/plants/genbank/"	"NA"	"NA"	"NA"	"NA"
"Setaria_italica_GCA_000263155.2"	"TRUE"	"Setaria_italica"	"Setaria_italica"	4555	"angiosperm"	"ensembl"	"30/10/2015"	"JGI-PGF"	"Setaria_italica_v2.0"	"NA"	"GCA_000263155.2"	"chromosome"	"NA"	"NA"	"NA"	"ftp://ftp.ensemblgenomes.org/pub/release-45/plants/genbank/"	"NA"	"NA"	"NA"	"NA"
"Solanum_lycopersicum_GCA_000188115.3"	"TRUE"	"Solanum_lycopersicum"	"Solanum_lycopersicum"	4081	"angiosperm"	"ensembl"	"18/04/2018"	"Solanaceae Genomics Project"	"SL3.0"	"NA"	"GCA_000188115.3"	"chromosome"	"NA"	"NA"	"NA"	"ftp://ftp.ensemblgenomes.org/pub/release-45/plants/genbank/"	"NA"	"NA"	"NA"	"NA"
"Solanum_tuberosum_GCA_000226075.1"	"TRUE"	"Solanum_tuberosum"	"Solanum_tuberosum"	4113	"angiosperm"	"ensembl"	"19/09/2011"	"Potato Genome Sequencing Consortium"	"SolTub_3.0"	"NA"	"GCA_000226075.1"	"chromosome"	"NA"	"NA"	"NA"	"ftp://ftp.ensemblgenomes.org/pub/release-45/plants/genbank/"	"NA"	"NA"	"NA"	"NA"
"Sorghum_bicolor_GCA_000003195.3"	"TRUE"	"Sorghum_bicolor"	"Sorghum_bicolor"	4558	"angiosperm"	"ensembl"	"07/04/2017"	"Sorghum Consortium"	"Sorghum_bicolor_NCBIv3"	"NA"	"GCA_000003195.3"	"chromosome"	"NA"	"NA"	"NA"	"ftp://ftp.ensemblgenomes.org/pub/release-45/plants/genbank/"	"NA"	"NA"	"NA"	"NA"
"Theobroma_cacao_GCA_000208745.2"	"TRUE"	"Theobroma_cacao"	"Theobroma_cacao"	3641	"angiosperm"	"ensembl"	"26/08/2016"	"CIRAD"	"Criollo_cocoa_genome_V2"	"NA"	"GCA_000208745.2"	"chromosome"	"NA"	"NA"	"NA"	"ftp://ftp.ensemblgenomes.org/pub/release-45/plants/genbank/"	"NA"	"NA"	"NA"	"NA"
"Trifolium_pratense_GCA_900079335.1"	"TRUE"	"Trifolium_pratense"	"Trifolium_pratense"	57577	"angiosperm"	"ensembl"	"13/05/2016"	"TGAC"	"Trpr"	"NA"	"GCA_900079335.1"	"chromosome"	"NA"	"NA"	"NA"	"ftp://ftp.ensemblgenomes.org/pub/release-45/plants/genbank/"	"NA"	"NA"	"NA"	"NA"
"Triticum_aestivum_GCA_900519105.1"	"TRUE"	"Triticum_aestivum"	"Triticum_aestivum"	4565	"angiosperm"	"ensembl"	"30/08/2018"	"IWGSC"	"iwgsc_refseqv1.0"	"NA"	"GCA_900519105.1"	"chromosome"	"NA"	"NA"	"NA"	"ftp://ftp.ensemblgenomes.org/pub/release-45/plants/genbank/"	"NA"	"NA"	"NA"	"NA"
"Triticum_dicoccoides_GCA_002162155.1"	"TRUE"	"Triticum_dicoccoides"	"Triticum_dicoccoides"	85692	"angiosperm"	"ensembl"	"01/06/2017"	"WEWseq consortium"	"WEWSeq v.1.0"	"NA"	"GCA_002162155.1"	"chromosome"	"NA"	"NA"	"NA"	"ftp://ftp.ensemblgenomes.org/pub/release-45/plants/genbank/"	"NA"	"NA"	"NA"	"NA"
"Triticum_turgidum_GCA_900231445"	"TRUE"	"Triticum_turgidum"	"Triticum_turgidum"	4567	"angiosperm"	"ensembl"	"12/06/2019"	"ITB-CNR"	"Svevo.v1"	"NA"	"GCA_900231445"	"chromosome"	"NA"	"NA"	"NA"	"ftp://ftp.ensemblgenomes.org/pub/release-45/plants/genbank/"	"NA"	"NA"	"NA"	"NA"
"Triticum_urartu_GCA_000347455.1"	"TRUE"	"Triticum_urartu"	"Triticum_urartu"	4572	"angiosperm"	"ensembl"	"03/04/2013"	"BGI"	"ASM34745v1"	"NA"	"GCA_000347455.1"	"chromosome"	"NA"	"NA"	"NA"	"ftp://ftp.ensemblgenomes.org/pub/release-45/plants/genbank/"	"NA"	"NA"	"NA"	"NA"
"Vigna_angularis_GCA_001190045.1"	"TRUE"	"Vigna_angularis"	"Vigna_angularis"	3914	"angiosperm"	"ensembl"	"03/08/2015"	"Beijing University of Agriculture"	"Vigan1.1"	"NA"	"GCA_001190045.1"	"chromosome"	"NA"	"NA"	"NA"	"ftp://ftp.ensemblgenomes.org/pub/release-45/plants/genbank/"	"NA"	"NA"	"NA"	"NA"
"Vigna_radiata_GCA_000741045.2"	"TRUE"	"Vigna_radiata"	"Vigna_radiata"	3916	"angiosperm"	"ensembl"	"02/11/2015"	"Seoul National University"	"Vradiata_ver6"	"NA"	"GCA_000741045.2"	"chromosome"	"NA"	"NA"	"NA"	"ftp://ftp.ensemblgenomes.org/pub/release-45/plants/genbank/"	"NA"	"NA"	"NA"	"NA"
"Vitis_vinifera_GCA_000003745.2"	"TRUE"	"Vitis_vinifera"	"Vitis_vinifera"	29760	"angiosperm"	"ensembl"	"01/11/2011"	"International Grape Genome Program"	"12X"	"NA"	"GCA_000003745.2"	"chromosome"	"NA"	"NA"	"NA"	"ftp://ftp.ensemblgenomes.org/pub/release-45/plants/genbank/"	"NA"	"NA"	"NA"	"NA"
"Zea_mays_GCA_000005005.6"	"TRUE"	"Zea_mays"	"Zea_mays"	4577	"angiosperm"	"ensembl"	"07/02/2017"	"maizesequence"	"B73 RefGen_v4"	"Zm-B73-REFERENCE-GRAMENE-4.0"	"GCA_000005005.6"	"chromosome"	"NA"	"NA"	"NA"	"ftp://ftp.ensemblgenomes.org/pub/release-45/plants/genbank/"	"NA"	"NA"	"NA"	"NA"
"Glycine_max_ACUP02000000"	"TRUE"	"Glycine_max"	"Glycine_max"	3847	"angiosperm"	"soybase"	"06/10/2015"	"NA"	"NA"	"Wm82.a2.v1"	"ACUP02000000"	"chromosome"	"NA"	"NA"	"NA"	"NA"	"NA"	"NA"	"NA"	"NA"
"Oryza_minuta_GCA_000632695.1"	"TRUE"	"Oryza_minuta"	"Oryza_minuta"	63629	"angiosperm"	"ncbi"	"18/04/2014"	"Oryza Chr3 Short Arm Comparative Sequencing Project"	"ASM63269v1"	"NA"	"GCA_000632695.1"	"chromosome"	"45.1659"	"NA"	"43.8116"	"ftp://ftp.ncbi.nih.gov/genomes/genbank/plant/"	"NA"	"NA"	"NA"	"NA"
"Utricularia_gibba_GCA_002189035.1"	"TRUE"	"Utricularia_gibba"	"Utricularia_gibba"	13748	"NA"	"ncbi"	"12/06/2017"	"University at Buffalo"	" SUNY"	"U_gibba_v2"	"GCA_002189035.1"	"chromosome"	"100.689"	"NA"	"41.1434"	"ftp://ftp.ncbi.nih.gov/genomes/genbank/plant/"	"NA"	"NA"	"NA"	"NA"
"Nymphaea_colorata_GCA_008831285.1"	"TRUE"	"Nymphaea_colorata"	"Nymphaea_colorata"	210225	"angiosperm"	"ncbi"	"07/10/2019"	"Fujian Agriculture and Forestry University"	"ASM883128v1"	"NA"	"GCA_008831285.1"	"chromosome"	"408.397"	"NA"	"38.579"	"ftp://ftp.ncbi.nih.gov/genomes/genbank/plant/"	"NA"	"NA"	"NA"	"NA"
"Nelumbo_nucifera_GCA_003033685.1"	"TRUE"	"Nelumbo_nucifera"	"Nelumbo_nucifera"	4432	"angiosperm"	"ncbi"	"18/04/2018"	"Wuhan University"	"ASM303368v1"	"NA"	"GCA_003033685.1"	"chromosome"	"817.268"	"NA"	"39.1575"	"ftp://ftp.ncbi.nih.gov/genomes/genbank/plant/"	"NA"	"NA"	"NA"	"NA"
"Oryza_punctata_GCA_000710525.1"	"TRUE"	"Oryza_punctata"	"Oryza_punctata"	4537	"angiosperm"	"ncbi"	"01/07/2014"	"The Oryza Map Alignment Project (OMAP)"	"O. punctata chromosome 3 short arm"	"NA"	"GCA_000710525.1"	"chromosome"	"22.4654"	"NA"	"43.6"	"ftp://ftp.ncbi.nih.gov/genomes/genbank/plant/"	"NA"	"NA"	"NA"	"NA"
"Oryza_officinalis_GCA_000717455.1"	"TRUE"	"Oryza_officinalis"	"Oryza_officinalis"	4535	"angiosperm"	"ncbi"	"03/07/2014"	"Oryza Chr3 Short Arm Comparative Sequencing Project"	"O. officinalis chromosome 3 short arm"	"NA"	"GCA_000717455.1"	"chromosome"	"26.1885"	"NA"	"44.7"	"ftp://ftp.ncbi.nih.gov/genomes/genbank/plant/"	"NA"	"NA"	"NA"	"NA"
"Oryza_brachyantha_GCA_000710545.1"	"TRUE"	"Oryza_brachyantha"	"Oryza_brachyantha"	4533	"angiosperm"	"ncbi"	"01/07/2014"	"The Institute of Genetics and Developmental Biology"	"O. brachyantha chromosome 3 short arm"	"NA"	"GCA_000710545.1"	"chromosome"	"14.4404"	"NA"	"40.9"	"ftp://ftp.ncbi.nih.gov/genomes/genbank/plant/"	"NA"	"NA"	"NA"	"NA"
"Carica_papaya_GCA_001310045.1"	"TRUE"	"Carica_papaya"	"Carica_papaya"	3649	"angiosperm"	"ncbi"	"13/10/2015"	"University of Illinois at Urbana-Champaign"	"ASM131004v1"	"NA"	"GCA_001310045.1"	"chromosome"	"8.07745"	"NA"	"36.7"	"ftp://ftp.ncbi.nih.gov/genomes/genbank/plant/"	"NA"	"NA"	"NA"	"NA"
"Oryza_sativa_GCA_000710535.2"	"TRUE"	"Oryza_sativa"	"Oryza_sativa_f._spontanea"	4530	"angiosperm"	"ncbi"	"06/02/2017"	"Oryza Map Alignment Project (OMAP)"	"ASM71053v2"	"NA"	"GCA_000710535.2"	"chromosome"	"19.4244"	"NA"	"43.3"	"ftp://ftp.ncbi.nih.gov/genomes/genbank/plant/"	"NA"	"NA"	"NA"	"NA"
"Nelumbo_nucifera_GCA_003033695.1"	"TRUE"	"Nelumbo_nucifera"	"Nelumbo_nucifera"	4432	"angiosperm"	"ncbi"	"18/04/2018"	"Wuhan University"	"ASM303369v1"	"NA"	"GCA_003033695.1"	"chromosome"	"799.479"	"NA"	"39.1226"	"ftp://ftp.ncbi.nih.gov/genomes/genbank/plant/"	"NA"	"NA"	"NA"	"NA"
"Oryza_sativa_GCA_004295705.1"	"TRUE"	"Oryza_sativa"	"Oryza_sativa_Japonica_Group"	4530	"angiosperm"	"ncbi"	"25/02/2019"	"National Institute of Agrobiological Sciences"	" Rice Genome Research Program"	"ASM429570v1"	"GCA_004295705.1"	"chromosome"	"43.3424"	"NA"	"43.8"	"ftp://ftp.ncbi.nih.gov/genomes/genbank/plant/"	"NA"	"NA"	"NA"	"NA"
"Oryza_rufipogon_GCA_000700045.1"	"TRUE"	"Oryza_rufipogon"	"Oryza_rufipogon"	4529	"angiosperm"	"ncbi"	"12/06/2014"	"University of Arizona"	"O. rufipogon chromosome 3 short arm"	"NA"	"GCA_000700045.1"	"chromosome"	"12.7409"	"NA"	"42.6"	"ftp://ftp.ncbi.nih.gov/genomes/genbank/plant/"	"NA"	"NA"	"NA"	"NA"
"Arabidopsis_thaliana_GCA_000001735.2"	"TRUE"	"Arabidopsis_thaliana"	"Arabidopsis_thaliana"	3702	"angiosperm"	"ncbi"	"04/06/2018"	"The Arabidopsis Information Resource (TAIR)"	"TAIR10.1"	"NA"	"GCA_000001735.2"	"chromosome"	"119.669"	"NA"	"36.0529"	"ftp://ftp.ncbi.nih.gov/genomes/genbank/plant/"	"NA"	"NA"	"NA"	"NA"
"Brassica_rapa_GCA_900412535.2"	"TRUE"	"Brassica_rapa"	"Brassica_rapa"	3711	"angiosperm"	"ncbi"	"27/11/2018"	"GSC"	"Brassica_rapa_Z1"	"NA"	"GCA_900412535.2"	"chromosome"	"401.927"	"NA"	"37.6061"	"ftp://ftp.ncbi.nih.gov/genomes/genbank/plant/"	"NA"	"NA"	"NA"	"NA"
"Brachypodium_distachyon_GCA_000005505.4"	"TRUE"	"Brachypodium_distachyon"	"Brachypodium_distachyon"	15368	"angiosperm"	"ncbi"	"27/02/2018"	"JGI-PGF"	"Brachypodium_distachyon_v3.0"	"NA"	"GCA_000005505.4"	"chromosome"	"271.299"	"NA"	"46.4183"	"ftp://ftp.ncbi.nih.gov/genomes/genbank/plant/"	"NA"	"NA"	"NA"	"NA"
"Oryza_barthii_GCA_000182155.3"	"TRUE"	"Oryza_barthii"	"Oryza_barthii"	65489	"angiosperm"	"ncbi"	"30/05/2014"	"Oryza Chr3 Short Arm Comparative Sequencing Project"	"O.barthii_v1.3"	"Oryza barthii whole genome assembly v1.3"	"GCA_000182155.3"	"chromosome"	"308.272"	"NA"	"42.0761"	"ftp://ftp.ncbi.nih.gov/genomes/genbank/plant/"	"NA"	"NA"	"NA"	"NA"
"Spirodela_polyrhiza_GCA_001981405.1"	"TRUE"	"Spirodela_polyrhiza"	"Spirodela_polyrhiza"	29656	"angiosperm"	"ncbi"	"01/02/2017"	"Donald Danforth Plant Science Center"	"ASM198140v1"	"NA"	"GCA_001981405.1"	"chromosome"	"136.67"	"NA"	"42.7191"	"ftp://ftp.ncbi.nih.gov/genomes/genbank/plant/"	"NA"	"NA"	"NA"	"NA"
"Oryza_sativa_GCA_000576065.1"	"TRUE"	"Oryza_sativa"	"Oryza_sativa_f._spontanea"	4530	"angiosperm"	"ncbi"	"25/02/2014"	"Oryza Map Alignment Project (OMAP)"	"Oryza_nivara_v1.0"	"NA"	"GCA_000576065.1"	"chromosome"	"337.95"	"NA"	"42.9397"	"ftp://ftp.ncbi.nih.gov/genomes/genbank/plant/"	"NA"	"NA"	"NA"	"NA"
"Fragaria_vesca_GCA_000184155.1"	"TRUE"	"Fragaria_vesca"	"Fragaria_vesca_subsp._vesca"	57918	"angiosperm"	"ncbi"	"23/12/2010"	"Virginia Bioinformatics Institute"	"FraVesHawaii_1.0"	"Fragaria vesca Hawaii-4 June 2010"	"GCA_000184155.1"	"chromosome"	"214.373"	"NA"	"38.9793"	"ftp://ftp.ncbi.nih.gov/genomes/genbank/plant/"	"NA"	"NA"	"NA"	"NA"
"Schrenkiella_parvula_GCA_000218505.1"	"TRUE"	"Schrenkiella_parvula"	"Schrenkiella_parvula"	98039	"angiosperm"	"ncbi"	"21/06/2011"	"University of Illinois"	"Eutrema_parvulum_v01"	"NA"	"GCA_000218505.1"	"chromosome"	"137.073"	"NA"	"35.7366"	"ftp://ftp.ncbi.nih.gov/genomes/genbank/plant/"	"NA"	"NA"	"NA"	"NA"
"Linum_usitatissimum_GCA_000224295.2"	"TRUE"	"Linum_usitatissimum"	"Linum_usitatissimum"	4006	"angiosperm"	"ncbi"	"20/04/2018"	"TUFGEN"	"ASM22429v2"	"NA"	"GCA_000224295.2"	"chromosome"	"316.167"	"NA"	"40.8876"	"ftp://ftp.ncbi.nih.gov/genomes/genbank/plant/"	"NA"	"NA"	"NA"	"NA"
"Lagenaria_siceraria_GCA_002890555.2"	"TRUE"	"Lagenaria_siceraria"	"Lagenaria_siceraria"	3668	"angiosperm"	"ncbi"	"29/04/2019"	"Zhejiang Academy of Agricultural Sciences"	"ZAAS_Lsic_2.0"	"NA"	"GCA_002890555.2"	"chromosome"	"297.879"	"NA"	"31.9455"	"ftp://ftp.ncbi.nih.gov/genomes/genbank/plant/"	"NA"	"NA"	"NA"	"NA"
"Citrullus_lanatus_GCA_000238415.2"	"TRUE"	"Citrullus_lanatus"	"Citrullus_lanatus"	3654	"angiosperm"	"ncbi"	"23/09/2019"	"National Engineering Research Center for Vegetables"	" Beijing Academy of Agriculture and Forestry Sciences"	"Cla97_v1"	"GCA_000238415.2"	"chromosome"	"365.45"	"NA"	"33.8103"	"ftp://ftp.ncbi.nih.gov/genomes/genbank/plant/"	"NA"	"NA"	"NA"	"NA"
"Brassica_oleracea_GCA_000695525.1"	"TRUE"	"Brassica_oleracea"	"Brassica_oleracea_var._oleracea"	3712	"angiosperm"	"ncbi"	"27/05/2014"	"CanSeq"	"BOL"	"NA"	"GCA_000695525.1"	"chromosome"	"488.954"	"NA"	"37.3348"	"ftp://ftp.ncbi.nih.gov/genomes/genbank/plant/"	"NA"	"NA"	"NA"	"NA"
"Oryza_punctata_GCA_000573905.1"	"TRUE"	"Oryza_punctata"	"Oryza_punctata"	4537	"angiosperm"	"ncbi"	"25/02/2014"	"The Oryza Map Alignment Project (OMAP)"	"Oryza_punctata_v1.2"	"NA"	"GCA_000573905.1"	"chromosome"	"393.817"	"NA"	"42.8066"	"ftp://ftp.ncbi.nih.gov/genomes/genbank/plant/"	"NA"	"NA"	"NA"	"NA"
"Asparagus_officinalis_GCA_001876935.1"	"TRUE"	"Asparagus_officinalis"	"Asparagus_officinalis"	4686	"angiosperm"	"ncbi"	"06/02/2017"	"University of Georgia"	"Aspof.V1"	"NA"	"GCA_001876935.1"	"chromosome"	"1187.54"	"NA"	"39.3594"	"ftp://ftp.ncbi.nih.gov/genomes/genbank/plant/"	"NA"	"NA"	"NA"	"NA"
"Brassica_juncea_GCA_001687265.1"	"TRUE"	"Brassica_juncea"	"Brassica_juncea_var._tumida"	3707	"angiosperm"	"ncbi"	"23/09/2016"	"Zhejiang University"	"Brassica_juncea_var_tumida_T84-66_v1"	"NA"	"GCA_001687265.1"	"chromosome"	"954.861"	"NA"	"37.3429"	"ftp://ftp.ncbi.nih.gov/genomes/genbank/plant/"	"NA"	"NA"	"NA"	"NA"
"Brassica_nigra_GCA_001682895.1"	"TRUE"	"Brassica_nigra"	"Brassica_nigra"	3710	"angiosperm"	"ncbi"	"12/07/2016"	"Zhejiang University"	"ASM168289v1"	"NA"	"GCA_001682895.1"	"chromosome"	"402.145"	"NA"	"36.3207"	"ftp://ftp.ncbi.nih.gov/genomes/genbank/plant/"	"NA"	"NA"	"NA"	"NA"
"Cenchrus_americanus_GCA_002174835.2"	"TRUE"	"Cenchrus_americanus"	"Cenchrus_americanus"	4543	"angiosperm"	"ncbi"	"24/01/2018"	"Pearl Millet"	"ASM217483v2"	"NA"	"GCA_002174835.2"	"chromosome"	"1816.95"	"NA"	"48.0881"	"ftp://ftp.ncbi.nih.gov/genomes/genbank/plant/"	"NA"	"NA"	"NA"	"NA"
"Citrus_maxima_GCA_002006925.1"	"TRUE"	"Citrus_maxima"	"Citrus_maxima"	37334	"angiosperm"	"ncbi"	"07/03/2017"	"Huazhong Agriculture University"	"ASM200692v1"	"NA"	"GCA_002006925.1"	"chromosome"	"345.757"	"NA"	"34.9872"	"ftp://ftp.ncbi.nih.gov/genomes/genbank/plant/"	"NA"	"NA"	"NA"	"NA"
"Trifolium_pratense_GCA_900292005.1"	"TRUE"	"Trifolium_pratense"	"Trifolium_pratense"	57577	"angiosperm"	"ncbi"	"27/12/2018"	"TGAC"	"Trifolium pratense genome v3"	"NA"	"GCA_900292005.1"	"chromosome"	"351.622"	"NA"	"33.6664"	"ftp://ftp.ncbi.nih.gov/genomes/genbank/plant/"	"NA"	"NA"	"NA"	"NA"
"Oryza_longistaminata_GCA_001514335.2"	"TRUE"	"Oryza_longistaminata"	"Oryza_longistaminata"	4528	"angiosperm"	"ncbi"	"21/01/2016"	"Kunming Institute of Zoology"	" Chinese Academy of Science"	"ASM151433v2"	"GCA_001514335.2"	"chromosome"	"362.064"	"NA"	"43.0773"	"ftp://ftp.ncbi.nih.gov/genomes/genbank/plant/"	"NA"	"NA"	"NA"	"NA"
"Oryza_glumipatula_GCA_000576495.1"	"TRUE"	"Oryza_glumipatula"	"Oryza_glumipatula"	40148	"angiosperm"	"ncbi"	"26/02/2014"	"Oryza Map Alignment Project (OMAP)"	"Oryza_glumaepatula_v1.5"	"NA"	"GCA_000576495.1"	"chromosome"	"372.86"	"NA"	"43.7266"	"ftp://ftp.ncbi.nih.gov/genomes/genbank/plant/"	"NA"	"NA"	"NA"	"NA"
"Oryza_meridionalis_GCA_000338895.2"	"TRUE"	"Oryza_meridionalis"	"Oryza_meridionalis"	40149	"angiosperm"	"ncbi"	"27/02/2014"	"Oryza Map Alignment Project (OMAP)"	"Oryza_meridionalis_v1.3"	"NA"	"GCA_000338895.2"	"chromosome"	"335.668"	"NA"	"44.1725"	"ftp://ftp.ncbi.nih.gov/genomes/genbank/plant/"	"NA"	"NA"	"NA"	"NA"
"Rosa_chinensis_GCA_002994745.1"	"TRUE"	"Rosa_chinensis"	"Rosa_chinensis"	74649	"angiosperm"	"ncbi"	"13/03/2018"	"INRA/CNRS"	"RchiOBHm-V2"	"NA"	"GCA_002994745.1"	"chromosome"	"513.854"	"NA"	"38.8437"	"ftp://ftp.ncbi.nih.gov/genomes/genbank/plant/"	"NA"	"NA"	"NA"	"NA"
"Ipomoea_batatas_GCA_002525835.2"	"TRUE"	"Ipomoea_batatas"	"Ipomoea_batatas"	4120	"angiosperm"	"ncbi"	"16/10/2017"	"Max Planck Institute Molecular Genetics"	"ipoBat4"	"NA"	"GCA_002525835.2"	"chromosome"	"837.013"	"NA"	"35.8684"	"ftp://ftp.ncbi.nih.gov/genomes/genbank/plant/"	"NA"	"NA"	"NA"	"NA"
"Cocos_nucifera_GCA_008124465.1"	"TRUE"	"Cocos_nucifera"	"Cocos_nucifera"	13894	"angiosperm"	"ncbi"	"29/08/2019"	"Hainan Key Laboratory of Tropical Oil Crops Biology /Coconut Research Institute"	"ASM812446v1"	"NA"	"GCA_008124465.1"	"chromosome"	"2202.46"	"NA"	"37.8346"	"ftp://ftp.ncbi.nih.gov/genomes/genbank/plant/"	"NA"	"NA"	"NA"	"NA"
"Coffea_canephora_GCA_900059795.1"	"TRUE"	"Coffea_canephora"	"Coffea_canephora"	49390	"angiosperm"	"ncbi"	"08/04/2019"	"Genoscope CEA"	"AUK_PRJEB4211_v1"	"NA"	"GCA_900059795.1"	"chromosome"	"568.612"	"NA"	"38.8866"	"ftp://ftp.ncbi.nih.gov/genomes/genbank/plant/"	"NA"	"NA"	"NA"	"NA"
"Morella_rubra_GCA_003952965.1"	"TRUE"	"Morella_rubra"	"Morella_rubra"	262757	"angiosperm"	"ncbi"	"07/01/2019"	"Zhejiang university"	"Mru_ZJU_1.01"	"NA"	"GCA_003952965.1"	"chromosome"	"313.02"	"NA"	"37.8335"	"ftp://ftp.ncbi.nih.gov/genomes/genbank/plant/"	"NA"	"NA"	"NA"	"NA"
"Papaver_somniferum_GCA_003573695.1"	"TRUE"	"Papaver_somniferum"	"Papaver_somniferum"	3469	"angiosperm"	"ncbi"	"18/09/2018"	"Xian Jiaotong University"	"ASM357369v1"	"NA"	"GCA_003573695.1"	"chromosome"	"2715.53"	"NA"	"37.3014"	"ftp://ftp.ncbi.nih.gov/genomes/genbank/plant/"	"NA"	"NA"	"NA"	"NA"
"Vitis_riparia_GCA_004353265.1"	"TRUE"	"Vitis_riparia"	"Vitis_riparia"	96939	"angiosperm"	"ncbi"	"16/04/2019"	"Bordeaux University"	"EGFV_Vit.rip_1.0"	"NA"	"GCA_004353265.1"	"chromosome"	"500.106"	"NA"	"34.4296"	"ftp://ftp.ncbi.nih.gov/genomes/genbank/plant/"	"NA"	"NA"	"NA"	"NA"
"Triticum_dicoccoides_GCA_002162155.2"	"TRUE"	"Triticum_dicoccoides"	"Triticum_dicoccoides"	85692	"angiosperm"	"ncbi"	"04/02/2019"	"WEWseq consortium"	"WEW_v2.0"	"NA"	"GCA_002162155.2"	"chromosome"	"10677.9"	"NA"	"46.1536"	"ftp://ftp.ncbi.nih.gov/genomes/genbank/plant/"	"NA"	"NA"	"NA"	"NA"
"Leersia_perrieri_GCA_000325765.3"	"TRUE"	"Leersia_perrieri"	"Leersia_perrieri"	77586	"angiosperm"	"ncbi"	"25/03/2014"	"Arizona Genomics Institute"	"Lperr_V1.4"	"NA"	"GCA_000325765.3"	"chromosome"	"266.688"	"NA"	"42.5997"	"ftp://ftp.ncbi.nih.gov/genomes/genbank/plant/"	"NA"	"NA"	"NA"	"NA"
"Gossypium_thurberi_GCA_004027125.1"	"TRUE"	"Gossypium_thurberi"	"Gossypium_thurberi"	34273	"angiosperm"	"ncbi"	"16/01/2019"	"Mississippi State University"	"Gothu_v1"	"NA"	"GCA_004027125.1"	"chromosome"	"582.007"	"NA"	"34.2402"	"ftp://ftp.ncbi.nih.gov/genomes/genbank/plant/"	"NA"	"NA"	"NA"	"NA"
"Musa_balbisiana_GCA_004837865.1"	"TRUE"	"Musa_balbisiana"	"Musa_balbisiana"	52838	"angiosperm"	"ncbi"	"09/07/2019"	"Institute of Tropical Bioscience and Biotechnology"	"BananaB_V1"	"NA"	"GCA_004837865.1"	"chromosome"	"492.775"	"NA"	"37.9868"	"ftp://ftp.ncbi.nih.gov/genomes/genbank/plant/"	"NA"	"NA"	"NA"	"NA"
"Triticum_urartu_GCA_003073215.1"	"TRUE"	"Triticum_urartu"	"Triticum_urartu"	4572	"angiosperm"	"ncbi"	"30/04/2018"	"Institute of Genetics and Developmental Biology Chinese Academy of Sciences"	"Tu2.0"	"NA"	"GCA_003073215.1"	"chromosome"	"4851.9"	"NA"	"45.9397"	"ftp://ftp.ncbi.nih.gov/genomes/genbank/plant/"	"NA"	"NA"	"NA"	"NA"
"Setaria_viridis_GCA_005286985.1"	"TRUE"	"Setaria_viridis"	"Setaria_viridis"	4556	"angiosperm"	"ncbi"	"14/05/2019"	"DOE Joint Genome Institute"	"Setaria_viridis_v2.0"	"NA"	"GCA_005286985.1"	"chromosome"	"395.732"	"NA"	"46.1894"	"ftp://ftp.ncbi.nih.gov/genomes/genbank/plant/"	"NA"	"NA"	"NA"	"NA"
"Arabis_alpina_GCA_900128785.1"	"TRUE"	"Arabis_alpina"	"Arabis_alpina"	50452	"angiosperm"	"ncbi"	"15/08/2017"	"MAX PLANCK INSTITUTE FOR PLANT BREEDING RESEARCH"	"MPIPZ.v5"	"NA"	"GCA_900128785.1"	"chromosome"	"311.642"	"NA"	"37.401"	"ftp://ftp.ncbi.nih.gov/genomes/genbank/plant/"	"NA"	"NA"	"NA"	"NA"
"Ipomoea_trifida_GCA_003576665.1"	"TRUE"	"Ipomoea_trifida"	"Ipomoea_trifida"	35884	"angiosperm"	"ncbi"	"19/09/2018"	"Cornell University"	"ASM357666v1"	"NA"	"GCA_003576665.1"	"chromosome"	"492.376"	"NA"	"37.2563"	"ftp://ftp.ncbi.nih.gov/genomes/genbank/plant/"	"NA"	"NA"	"NA"	"NA"
"Gossypium_turneri_GCA_008044935.1"	"TRUE"	"Gossypium_turneri"	"Gossypium_turneri"	34284	"angiosperm"	"ncbi"	"21/08/2019"	"NCGR"	"ASM804493v1"	"NA"	"GCA_008044935.1"	"chromosome"	"755.203"	"NA"	"33.2104"	"ftp://ftp.ncbi.nih.gov/genomes/genbank/plant/"	"NA"	"NA"	"NA"	"NA"
"Fagopyrum_tataricum_GCA_002319775.1"	"TRUE"	"Fagopyrum_tataricum"	"Fagopyrum_tataricum"	62330	"angiosperm"	"ncbi"	"31/01/2018"	"Institute of Genetics and Developmental Biology Chinese Academy of Sciences"	"Ft1.0"	"NA"	"GCA_002319775.1"	"chromosome"	"505.883"	"NA"	"38.7564"	"ftp://ftp.ncbi.nih.gov/genomes/genbank/plant/"	"NA"	"NA"	"NA"	"NA"
"Scutellaria_baicalensis_GCA_005771605.1"	"TRUE"	"Scutellaria_baicalensis"	"Scutellaria_baicalensis"	65409	"angiosperm"	"ncbi"	"29/05/2019"	"Shanghai Chen Shan Botanical Garden"	"ASM577160v1"	"NA"	"GCA_005771605.1"	"chromosome"	"386.674"	"NA"	"34.3448"	"ftp://ftp.ncbi.nih.gov/genomes/genbank/plant/"	"NA"	"NA"	"NA"	"NA"
"Alloteropsis_semialata_GCA_004135705.1"	"TRUE"	"Alloteropsis_semialata"	"Alloteropsis_semialata"	435756	"angiosperm"	"ncbi"	"04/02/2019"	"University of Sheffield"	"ASEM_AUS1_V1.0"	"NA"	"GCA_004135705.1"	"chromosome"	"747.772"	"NA"	"46.2887"	"ftp://ftp.ncbi.nih.gov/genomes/genbank/plant/"	"NA"	"NA"	"NA"	"NA"
"Capsicum_chinense_GCA_002271895.2"	"TRUE"	"Capsicum_chinense"	"Capsicum_chinense"	80379	"angiosperm"	"ncbi"	"30/10/2017"	"Seoul National University"	"ASM227189v2"	"NA"	"GCA_002271895.2"	"chromosome"	"3070.91"	"NA"	"34.8646"	"ftp://ftp.ncbi.nih.gov/genomes/genbank/plant/"	"NA"	"NA"	"NA"	"NA"
"Gossypium_australe_GCA_005393395.2"	"TRUE"	"Gossypium_australe"	"Gossypium_australe"	47621	"angiosperm"	"ncbi"	"23/09/2019"	"The institute of Cotton Research of Chinese Academy Agricultural Sciences"	"CCRI_HENU_Gaus_1.1"	"NA"	"GCA_005393395.2"	"chromosome"	"1743.39"	"NA"	"36.476"	"ftp://ftp.ncbi.nih.gov/genomes/genbank/plant/"	"NA"	"NA"	"NA"	"NA"
"Capsicum_baccatum_GCA_002271885.2"	"TRUE"	"Capsicum_baccatum"	"Capsicum_baccatum"	33114	"angiosperm"	"ncbi"	"30/10/2017"	"Seoul National University"	"ASM227188v2"	"NA"	"GCA_002271885.2"	"chromosome"	"3215.61"	"NA"	"35.4251"	"ftp://ftp.ncbi.nih.gov/genomes/genbank/plant/"	"NA"	"NA"	"NA"	"NA"
"Gossypioides_kirkii_GCA_005610355.1"	"TRUE"	"Gossypioides_kirkii"	"Gossypioides_kirkii"	47615	"angiosperm"	"ncbi"	"22/05/2019"	"NCGR"	"ASM561035v1"	"NA"	"GCA_005610355.1"	"chromosome"	"538.061"	"NA"	"33.2628"	"ftp://ftp.ncbi.nih.gov/genomes/genbank/plant/"	"NA"	"NA"	"NA"	"NA"
"Cicer_reticulatum_GCA_003689015.2"	"TRUE"	"Cicer_reticulatum"	"Cicer_reticulatum"	90898	"angiosperm"	"ncbi"	"29/07/2019"	"NIPGR"	"ASM368901v2"	"NA"	"GCA_003689015.2"	"chromosome"	"416.904"	"NA"	"31.5188"	"ftp://ftp.ncbi.nih.gov/genomes/genbank/plant/"	"NA"	"NA"	"NA"	"NA"
"Xanthoceras_sorbifolium_GCA_003430845.1"	"TRUE"	"Xanthoceras_sorbifolium"	"Xanthoceras_sorbifolium"	99658	"angiosperm"	"ncbi"	"29/08/2018"	"Chinese Academy of Forestry"	"ASM343084v1"	"NA"	"GCA_003430845.1"	"chromosome"	"504.383"	"NA"	"34.9864"	"ftp://ftp.ncbi.nih.gov/genomes/genbank/plant/"	"NA"	"NA"	"NA"	"NA"
"Echium_plantagineum_GCA_003412495.2"	"TRUE"	"Echium_plantagineum"	"Echium_plantagineum"	113446	"angiosperm"	"ncbi"	"31/05/2019"	"Nanjing University"	"ASM341249v2"	"NA"	"GCA_003412495.2"	"chromosome"	"349.028"	"NA"	"34.7153"	"ftp://ftp.ncbi.nih.gov/genomes/genbank/plant/"	"NA"	"NA"	"NA"	"NA"
"Spatholobus_suberectus_GCA_004329165.1"	"TRUE"	"Spatholobus_suberectus"	"Spatholobus_suberectus"	455371	"angiosperm"	"ncbi"	"07/03/2019"	"Guangxi Botanical Garden of Medicinal Plants"	"ASM432916v1"	"NA"	"GCA_004329165.1"	"chromosome"	"798.47"	"NA"	"31.7657"	"ftp://ftp.ncbi.nih.gov/genomes/genbank/plant/"	"NA"	"NA"	"NA"	"NA"
"Juglans_microcarpa_x_Juglans_regia_GCA_004785585.1"	"TRUE"	"Juglans_microcarpa_x_Juglans_regia"	"Juglans_microcarpa_x_Juglans_regia"	91219	"angiosperm"	"ncbi"	"16/04/2019"	"University of California"	" Davis"	"Jm3101_v1.0"	"GCA_004785585.1"	"chromosome"	"534.672"	"NA"	"36.1941"	"ftp://ftp.ncbi.nih.gov/genomes/genbank/plant/"	"NA"	"NA"	"NA"	"NA"
"Carpinus_fangiana_GCA_006937295.1"	"TRUE"	"Carpinus_fangiana"	"Carpinus_fangiana"	176857	"angiosperm"	"ncbi"	"29/07/2019"	"Lanzhou University"	"ASM693729v1"	"NA"	"GCA_006937295.1"	"chromosome"	"381.949"	"NA"	"37.2649"	"ftp://ftp.ncbi.nih.gov/genomes/genbank/plant/"	"NA"	"NA"	"NA"	"NA"
"Rhamnella_rubrinervis_GCA_007844105.1"	"TRUE"	"Rhamnella_rubrinervis"	"Rhamnella_rubrinervis"	2594499	"angiosperm"	"ncbi"	"08/08/2019"	"Lanzhou University"	"ASM784410v1"	"NA"	"GCA_007844105.1"	"chromosome"	"245.336"	"NA"	"34.0436"	"ftp://ftp.ncbi.nih.gov/genomes/genbank/plant/"	"NA"	"NA"	"NA"	"NA"
"Eragrostis_curvula_GCA_007726485.1"	"TRUE"	"Eragrostis_curvula"	"Eragrostis_curvula"	38414	"angiosperm"	"ncbi"	"05/08/2019"	"CERZOS-CONICET"	"CERZOS_E.curvula1.0"	"NA"	"GCA_007726485.1"	"chromosome"	"603.072"	"NA"	"45.6393"	"ftp://ftp.ncbi.nih.gov/genomes/genbank/plant/"	"NA"	"NA"	"NA"	"NA"
"Acer_yangbiense_GCA_008009225.1"	"TRUE"	"Acer_yangbiense"	"Acer_yangbiense"	1000413	"angiosperm"	"ncbi"	"23/08/2019"	"Ori-Gene Co. Ltd."	"AYv1.1"	"NA"	"GCA_008009225.1"	"chromosome"	"665.888"	"NA"	"35.9704"	"ftp://ftp.ncbi.nih.gov/genomes/genbank/plant/"	"NA"	"NA"	"NA"	"NA"
"Juglans_microcarpa_x_Juglans_regia_GCA_004785595.1"	"TRUE"	"Juglans_microcarpa_x_Juglans_regia"	"Juglans_microcarpa_x_Juglans_regia"	91219	"angiosperm"	"ncbi"	"16/04/2019"	"University of California"	" Davis"	"Jm3101_v1.0"	"GCA_004785595.1"	"chromosome"	"527.896"	"NA"	"36.4006"	"ftp://ftp.ncbi.nih.gov/genomes/genbank/plant/"	"NA"	"NA"	"NA"	"NA"
"Gossypioides_kirkii_GCA_002818315.1"	"TRUE"	"Gossypioides_kirkii"	"Gossypioides_kirkii"	47615	"angiosperm"	"ncbi"	"08/12/2017"	"Mississippi State University"	"Gokir.v1"	"NA"	"GCA_002818315.1"	"chromosome"	"528.715"	"NA"	"33.2725"	"ftp://ftp.ncbi.nih.gov/genomes/genbank/plant/"	"NA"	"NA"	"NA"	"NA"
"Ipomoea_trifida_GCA_004706985.1"	"TRUE"	"Ipomoea_trifida"	"Ipomoea_trifida"	35884	"angiosperm"	"ncbi"	"12/04/2019"	"Sichuan Academy of Agricultural Sciences"	"ASM470698v1"	"NA"	"GCA_004706985.1"	"chromosome"	"460.934"	"NA"	"35.8291"	"ftp://ftp.ncbi.nih.gov/genomes/genbank/plant/"	"NA"	"NA"	"NA"	"NA"
"Arabis_alpina_GCA_000733195.1"	"TRUE"	"Arabis_alpina"	"Arabis_alpina"	50452	"angiosperm"	"ncbi"	"12/08/2014"	"TRANSNET"	"A_alpina_V4"	"NA"	"GCA_000733195.1"	"chromosome"	"308.033"	"NA"	"37.9325"	"ftp://ftp.ncbi.nih.gov/genomes/genbank/plant/"	"NA"	"NA"	"NA"	"NA"
"Triticum_dicoccoides_GCA_900184675.1"	"TRUE"	"Triticum_dicoccoides"	"Triticum_dicoccoides"	85692	"angiosperm"	"ncbi"	"25/08/2017"	"TEL AVIV UNIVERSITY"	"WEW v1"	"NA"	"GCA_900184675.1"	"chromosome"	10495	"NA"	"45.9596"	"ftp://ftp.ncbi.nih.gov/genomes/genbank/plant/"	"NA"	"NA"	"NA"	"NA"
"Raphanus_sativus_GCA_002197605.1"	"TRUE"	"Raphanus_sativus"	"Raphanus_sativus"	3726	"angiosperm"	"ncbi"	"19/06/2017"	"Institute of Vegetables and Flowers"	" Chinese Academy of Agricultural Science"	"Radish_v2.20"	"GCA_002197605.1"	"chromosome"	"382.79"	"NA"	"36.2032"	"ftp://ftp.ncbi.nih.gov/genomes/genbank/plant/"	"NA"	"NA"	"NA"	"NA"
"Panicum_hallii_GCA_003061485.1"	"TRUE"	"Panicum_hallii"	"Panicum_hallii_var._hallii"	206008	"angiosperm"	"ncbi"	"25/04/2018"	"DOE Joint Genome Institute"	"PhalliiHAL_v2.1"	"NA"	"GCA_003061485.1"	"chromosome"	"487.474"	"NA"	"46.9498"	"ftp://ftp.ncbi.nih.gov/genomes/genbank/plant/"	"NA"	"NA"	"NA"	"NA"
"Eutrema_salsugineum_GCA_000325905.2"	"TRUE"	"Eutrema_salsugineum"	"Eutrema_salsugineum"	72664	"angiosperm"	"ncbi"	"11/02/2013"	"IGDB"	"TsV2-8"	"NA"	"GCA_000325905.2"	"chromosome"	"231.893"	"NA"	"38.4769"	"ftp://ftp.ncbi.nih.gov/genomes/genbank/plant/"	"NA"	"NA"	"NA"	"NA"
"Cannabis_sativa_GCA_000230575.5"	"TRUE"	"Cannabis_sativa"	"Cannabis_sativa"	3483	"angiosperm"	"ncbi"	"18/10/2019"	"University of Toronto"	"ASM23057v5"	"NA"	"GCA_000230575.5"	"chromosome"	"891.965"	"NA"	"34.0177"	"ftp://ftp.ncbi.nih.gov/genomes/genbank/plant/"	"NA"	"NA"	"NA"	"NA"
"Trifolium_pratense_GCA_900079335.1"	"TRUE"	"Trifolium_pratense"	"Trifolium_pratense"	57577	"angiosperm"	"ncbi"	"13/05/2016"	"TGAC"	"Trpr"	"NA"	"GCA_900079335.1"	"chromosome"	"345.991"	"NA"	"32.4355"	"ftp://ftp.ncbi.nih.gov/genomes/genbank/plant/"	"NA"	"NA"	"NA"	"NA"
"Vigna_angularis_GCA_004320505.1"	"TRUE"	"Vigna_angularis"	"Vigna_angularis_var._angularis"	3914	"angiosperm"	"ncbi"	"01/03/2019"	"National Institute of Agrobiological Sciences"	" Japan"	"Vangularis_v1"	"GCA_004320505.1"	"chromosome"	"522.761"	"NA"	"34.8199"	"ftp://ftp.ncbi.nih.gov/genomes/genbank/plant/"	"NA"	"NA"	"NA"	"NA"
"Setaria_italica_GCA_001652605.1"	"TRUE"	"Setaria_italica"	"Setaria_italica"	4555	"angiosperm"	"ncbi"	"26/05/2016"	"Academia Sinica"	"ASM165260v1"	"NA"	"GCA_001652605.1"	"chromosome"	"477.542"	"NA"	"46.2756"	"ftp://ftp.ncbi.nih.gov/genomes/genbank/plant/"	"NA"	"NA"	"NA"	"NA"
"Aegilops_tauschii_GCA_000347335.2"	"TRUE"	"Aegilops_tauschii"	"Aegilops_tauschii"	37682	"angiosperm"	"ncbi"	"25/10/2017"	"BGI"	"ASM34733v2"	"NA"	"GCA_000347335.2"	"chromosome"	"4310.35"	"NA"	"46.401"	"ftp://ftp.ncbi.nih.gov/genomes/genbank/plant/"	"NA"	"NA"	"NA"	"NA"
"Brassica_oleracea_GCA_900416815.2"	"TRUE"	"Brassica_oleracea"	"Brassica_oleracea"	3712	"angiosperm"	"ncbi"	"13/07/2018"	"GSC"	"Brassica_oleracea_HDEM"	"NA"	"GCA_900416815.2"	"chromosome"	"554.977"	"NA"	"36.4604"	"ftp://ftp.ncbi.nih.gov/genomes/genbank/plant/"	"NA"	"NA"	"NA"	"NA"
"Capsicum_annuum_GCA_002878395.2"	"TRUE"	"Capsicum_annuum"	"Capsicum_annuum"	4072	"angiosperm"	"ncbi"	"30/01/2018"	"University of California"	" Davis"	"UCD10Xv1.0"	"GCA_002878395.2"	"chromosome"	"3212.12"	"NA"	"35.2504"	"ftp://ftp.ncbi.nih.gov/genomes/genbank/plant/"	"NA"	"NA"	"NA"	"NA"
"Cicer_arietinum_GCA_006151565.1"	"TRUE"	"Cicer_arietinum"	"Cicer_arietinum"	3827	"angiosperm"	"ncbi"	"08/06/2019"	"International Center for Agricultural Research in the Dry Areas"	"ASM615156v1"	"NA"	"GCA_006151565.1"	"chromosome"	"347.247"	"NA"	"32.9347"	"ftp://ftp.ncbi.nih.gov/genomes/genbank/plant/"	"NA"	"NA"	"NA"	"NA"
"Phoenix_dactylifera_GCA_009389715.1"	"TRUE"	"Phoenix_dactylifera"	"Phoenix_dactylifera"	42345	"angiosperm"	"ncbi"	"04/11/2019"	"The University of Arizona"	"palm_55x_up_171113_PBpolish2nd_filt_p"	"NA"	"GCA_009389715.1"	"chromosome"	"772.474"	"NA"	"40.3062"	"ftp://ftp.ncbi.nih.gov/genomes/genbank/plant/"	"NA"	"NA"	"NA"	"NA"
"Theobroma_cacao_GCA_000403535.1"	"TRUE"	"Theobroma_cacao"	"Theobroma_cacao"	3641	"angiosperm"	"ncbi"	"31/05/2013"	"Cacao genome consortium"	"Theobroma_cacao_20110822"	"NA"	"GCA_000403535.1"	"chromosome"	"345.994"	"NA"	"34.6855"	"ftp://ftp.ncbi.nih.gov/genomes/genbank/plant/"	"NA"	"NA"	"NA"	"NA"
"Phaseolus_vulgaris_GCA_001517995.1"	"TRUE"	"Phaseolus_vulgaris"	"Phaseolus_vulgaris"	3885	"angiosperm"	"ncbi"	"25/01/2016"	"CRG"	"phasIbeam10.0"	"NA"	"GCA_001517995.1"	"chromosome"	"549.748"	"NA"	"37.5322"	"ftp://ftp.ncbi.nih.gov/genomes/genbank/plant/"	"NA"	"NA"	"NA"	"NA"
"Brassica_rapa_GCA_000309985.1"	"TRUE"	"Brassica_rapa"	"Brassica_rapa"	3711	"angiosperm"	"ncbi"	"07/11/2012"	"Brassica rapa genome sequencing project"	" BraGSP"	"Brapa_1.0"	"GCA_000309985.1"	"chromosome"	"284.129"	"NA"	"35.826"	"ftp://ftp.ncbi.nih.gov/genomes/genbank/plant/"	"NA"	"NA"	"NA"	"NA"
"Beta_vulgaris_GCA_002917755.1"	"TRUE"	"Beta_vulgaris"	"Beta_vulgaris_subsp._vulgaris"	161934	"angiosperm"	"ncbi"	"06/02/2018"	"USDA-ARS"	"EL10_1.0"	"NA"	"GCA_002917755.1"	"chromosome"	"540.534"	"NA"	"35.8516"	"ftp://ftp.ncbi.nih.gov/genomes/genbank/plant/"	"NA"	"NA"	"NA"	"NA"
"Zea_mays_GCA_009176585.1"	"TRUE"	"Zea_mays"	"Zea_mays"	4577	"angiosperm"	"ncbi"	"22/10/2019"	"sippe"	"ASM917658v1"	"NA"	"GCA_009176585.1"	"chromosome"	"2160.69"	"NA"	"46.8055"	"ftp://ftp.ncbi.nih.gov/genomes/genbank/plant/"	"NA"	"NA"	"NA"	"NA"
"Medicago_truncatula_GCA_003473485.2"	"TRUE"	"Medicago_truncatula"	"Medicago_truncatula"	3880	"angiosperm"	"ncbi"	"13/09/2018"	"INRA/CNRS"	"MtrunA17r5.0-ANR"	"NA"	"GCA_003473485.2"	"chromosome"	"429.612"	"NA"	"33.4385"	"ftp://ftp.ncbi.nih.gov/genomes/genbank/plant/"	"NA"	"NA"	"NA"	"NA"
"Solanum_lycopersicum_GCA_900008105.1"	"TRUE"	"Solanum_lycopersicum"	"Solanum_lycopersicum"	4081	"angiosperm"	"ncbi"	"30/08/2016"	"RWTH Aachen"	"V100"	"NA"	"GCA_900008105.1"	"chromosome"	"760.067"	"NA"	"34.7605"	"ftp://ftp.ncbi.nih.gov/genomes/genbank/plant/"	"NA"	"NA"	"NA"	"NA"
"Arabidopsis_thaliana_GCA_902460285.1"	"TRUE"	"Arabidopsis_thaliana"	"Arabidopsis_thaliana"	3702	"angiosperm"	"ncbi"	"27/09/2019"	"MAX PLANCK INSTITUTE FOR PLANT BREEDING RESEARCH"	"Arabidopsis_thaliana_Ler"	"NA"	"GCA_902460285.1"	"chromosome"	"120.338"	"NA"	"36.1308"	"ftp://ftp.ncbi.nih.gov/genomes/genbank/plant/"	"NA"	"NA"	"NA"	"NA"
"Solanum_lycopersicum_GCA_002954035.1"	"TRUE"	"Solanum_lycopersicum"	"Solanum_lycopersicum"	4081	"angiosperm"	"ncbi"	"02/03/2018"	"Boyce Thompson Institute"	"ASM295403v1"	"NA"	"GCA_002954035.1"	"chromosome"	"824.01"	"NA"	"35.6437"	"ftp://ftp.ncbi.nih.gov/genomes/genbank/plant/"	"NA"	"NA"	"NA"	"NA"
"Oryza_sativa_GCA_001305255.1"	"TRUE"	"Oryza_sativa"	"Oryza_sativa_Indica_Group"	4530	"angiosperm"	"ncbi"	"01/10/2015"	"OSMANIA UNIVERSITY"	"ASM130525v1"	"NA"	"GCA_001305255.1"	"chromosome"	"352.121"	"NA"	"43.4619"	"ftp://ftp.ncbi.nih.gov/genomes/genbank/plant/"	"NA"	"NA"	"NA"	"NA"
"Arabidopsis_thaliana_GCA_900660825.1"	"TRUE"	"Arabidopsis_thaliana"	"Arabidopsis_thaliana"	3702	"angiosperm"	"ncbi"	"27/02/2019"	"MAX PLANCK INSTITUTE FOR PLANT BREEDING RESEARCH"	"Ath.Ler-0.MPIPZ.v1.0"	"NA"	"GCA_900660825.1"	"chromosome"	"119.627"	"NA"	"36.1052"	"ftp://ftp.ncbi.nih.gov/genomes/genbank/plant/"	"NA"	"NA"	"NA"	"NA"
"Zea_mays_GCA_003185045.1"	"TRUE"	"Zea_mays"	"Zea_mays"	4577	"angiosperm"	"ncbi"	"13/06/2018"	"China Agricultural University"	"Zm-Mo17-REFERENCE-CAU-1.0"	"NA"	"GCA_003185045.1"	"chromosome"	"2182.61"	"NA"	"46.8699"	"ftp://ftp.ncbi.nih.gov/genomes/genbank/plant/"	"NA"	"NA"	"NA"	"NA"
"Beta_vulgaris_GCA_000510975.1"	"TRUE"	"Beta_vulgaris"	"Beta_vulgaris_subsp._vulgaris"	161934	"angiosperm"	"ncbi"	"31/12/2013"	"Beta vulgaris resource"	"RefBeet-1.1.1"	"NA"	"GCA_000510975.1"	"chromosome"	"568.609"	"NA"	"37.9729"	"ftp://ftp.ncbi.nih.gov/genomes/genbank/plant/"	"NA"	"NA"	"NA"	"NA"
"Brassica_rapa_GCA_003434825.1"	"TRUE"	"Brassica_rapa"	"Brassica_rapa"	3711	"angiosperm"	"ncbi"	"14/09/2018"	"JGI"	"Brassica_rapa_FPsc_v1.3"	"NA"	"GCA_003434825.1"	"chromosome"	"314.865"	"NA"	"38.1266"	"ftp://ftp.ncbi.nih.gov/genomes/genbank/plant/"	"NA"	"NA"	"NA"	"NA"
"Cicer_arietinum_GCA_006345785.1"	"TRUE"	"Cicer_arietinum"	"Cicer_arietinum"	3827	"angiosperm"	"ncbi"	"14/06/2019"	"International Center for Agricultural Research in the Dry Areas"	"ASM634578v1"	"NA"	"GCA_006345785.1"	"chromosome"	"347.247"	"NA"	"32.7733"	"ftp://ftp.ncbi.nih.gov/genomes/genbank/plant/"	"NA"	"NA"	"NA"	"NA"
"Capsicum_annuum_GCA_000950795.1"	"TRUE"	"Capsicum_annuum"	"Capsicum_annuum_var._glabriusculum"	4072	"angiosperm"	"ncbi"	"17/03/2015"	"BGI"	"Pepper Chiltepin Ref_v1.0"	"NA"	"GCA_000950795.1"	"chromosome"	"2768.13"	"NA"	"35.7441"	"ftp://ftp.ncbi.nih.gov/genomes/genbank/plant/"	"NA"	"NA"	"NA"	"NA"
"Aegilops_tauschii_GCA_002575655.1"	"TRUE"	"Aegilops_tauschii"	"Aegilops_tauschii_subsp._strangulata"	37682	"angiosperm"	"ncbi"	"18/10/2017"	"Johns Hopkins University"	"Aet v4.0"	"NA"	"GCA_002575655.1"	"chromosome"	"4224.92"	"NA"	"46.4976"	"ftp://ftp.ncbi.nih.gov/genomes/genbank/plant/"	"NA"	"NA"	"NA"	"NA"
"Vigna_angularis_GCA_001723775.1"	"TRUE"	"Vigna_angularis"	"Vigna_angularis_var._angularis"	3914	"angiosperm"	"ncbi"	"14/09/2016"	"Seoul National University"	"ASM172377v1"	"NA"	"GCA_001723775.1"	"chromosome"	"444.439"	"NA"	"31.772"	"ftp://ftp.ncbi.nih.gov/genomes/genbank/plant/"	"NA"	"NA"	"NA"	"NA"
"Punica_granatum_GCA_007655135.2"	"TRUE"	"Punica_granatum"	"Punica_granatum"	22663	"angiosperm"	"ncbi"	"22/10/2019"	"Chinese Academy of Agricultural Sciences"	"ASM765513v2"	"NA"	"GCA_007655135.2"	"chromosome"	"320.494"	"NA"	"40.3699"	"ftp://ftp.ncbi.nih.gov/genomes/genbank/plant/"	"NA"	"NA"	"NA"	"NA"
"Aegilops_tauschii_GCA_002105435.1"	"TRUE"	"Aegilops_tauschii"	"Aegilops_tauschii"	37682	"angiosperm"	"ncbi"	"24/04/2017"	"China Agricultural University"	"ASM210543v1"	"NA"	"GCA_002105435.1"	"chromosome"	"247.197"	"NA"	"46.5"	"ftp://ftp.ncbi.nih.gov/genomes/genbank/plant/"	"NA"	"NA"	"NA"	"NA"
"Capsicum_annuum_GCA_000512255.2"	"TRUE"	"Capsicum_annuum"	"Capsicum_annuum"	4072	"angiosperm"	"ncbi"	"30/10/2017"	"Seoul National University"	"ASM51225v2"	"NA"	"GCA_000512255.2"	"chromosome"	"3063.86"	"NA"	"35.3575"	"ftp://ftp.ncbi.nih.gov/genomes/genbank/plant/"	"NA"	"NA"	"NA"	"NA"
"Gossypium_hirsutum_GCA_002504345.1"	"TRUE"	"Gossypium_hirsutum"	"Gossypium_hirsutum"	3635	"angiosperm"	"ncbi"	"22/06/2018"	"Clemson University"	"ASM250434v1"	"NA"	"GCA_002504345.1"	"chromosome"	"169.285"	"NA"	"35.8434"	"ftp://ftp.ncbi.nih.gov/genomes/genbank/plant/"	"NA"	"NA"	"NA"	"NA"
"Cicer_arietinum_GCA_000347275.4"	"TRUE"	"Cicer_arietinum"	"Cicer_arietinum"	3827	"angiosperm"	"ncbi"	"08/08/2019"	"National Institute of Plant Genome Research"	"ASM34727v4"	"NA"	"GCA_000347275.4"	"chromosome"	"511.684"	"NA"	"31.3573"	"ftp://ftp.ncbi.nih.gov/genomes/genbank/plant/"	"NA"	"NA"	"NA"	"NA"
"Brassica_rapa_GCA_008629595.1"	"TRUE"	"Brassica_rapa"	"Brassica_rapa_subsp._pekinensis"	3711	"angiosperm"	"ncbi"	"20/09/2019"	"Kyung Hee University"	"ASM862959v1"	"NA"	"GCA_008629595.1"	"chromosome"	"234.688"	"NA"	"35.5312"	"ftp://ftp.ncbi.nih.gov/genomes/genbank/plant/"	"NA"	"NA"	"NA"	"NA"
"Zea_mays_GCA_003704525.1"	"TRUE"	"Zea_mays"	"Zea_mays"	4577	"angiosperm"	"ncbi"	"02/11/2018"	"Technical University of Munich"	"Zm-PE0075-REFERENCE-TUM-1.0"	"NA"	"GCA_003704525.1"	"chromosome"	"2198.5"	"NA"	"46.8141"	"ftp://ftp.ncbi.nih.gov/genomes/genbank/plant/"	"NA"	"NA"	"NA"	"NA"
"Oryza_sativa_GCA_001623365.2"	"TRUE"	"Oryza_sativa"	"Oryza_sativa_Indica_Group"	4530	"angiosperm"	"ncbi"	"25/10/2018"	"Huazhong Agricultural University"	"MH63RS2"	"NA"	"GCA_001623365.2"	"chromosome"	"387.424"	"NA"	"43.6064"	"ftp://ftp.ncbi.nih.gov/genomes/genbank/plant/"	"NA"	"NA"	"NA"	"NA"
"Arabidopsis_thaliana_GCA_902460305.1"	"TRUE"	"Arabidopsis_thaliana"	"Arabidopsis_thaliana"	3702	"angiosperm"	"ncbi"	"27/09/2019"	"MAX PLANCK INSTITUTE FOR PLANT BREEDING RESEARCH"	"Arabidopsis_thaliana_Kyo"	"NA"	"GCA_902460305.1"	"chromosome"	"122.202"	"NA"	"36.2377"	"ftp://ftp.ncbi.nih.gov/genomes/genbank/plant/"	"NA"	"NA"	"NA"	"NA"
"Arabidopsis_thaliana_GCA_902460275.1"	"TRUE"	"Arabidopsis_thaliana"	"Arabidopsis_thaliana"	3702	"angiosperm"	"ncbi"	"27/09/2019"	"MAX PLANCK INSTITUTE FOR PLANT BREEDING RESEARCH"	"Arabidopsis_thaliana_Cvi-0"	"NA"	"GCA_902460275.1"	"chromosome"	"119.75"	"NA"	"36.0698"	"ftp://ftp.ncbi.nih.gov/genomes/genbank/plant/"	"NA"	"NA"	"NA"	"NA"
"Oryza_sativa_GCA_001623345.2"	"TRUE"	"Oryza_sativa"	"Oryza_sativa_Indica_Group"	4530	"angiosperm"	"ncbi"	"23/10/2018"	"Huazhong Agricultural University"	"ZS97RS2"	"NA"	"GCA_001623345.2"	"chromosome"	"387.326"	"NA"	"43.6025"	"ftp://ftp.ncbi.nih.gov/genomes/genbank/plant/"	"NA"	"NA"	"NA"	"NA"
"Zea_mays_GCA_003709335.1"	"TRUE"	"Zea_mays"	"Zea_mays"	4577	"angiosperm"	"ncbi"	"02/11/2018"	"Technical University of Munich"	"Zm-DK105-REFERENCE-TUM-1.0"	"NA"	"GCA_003709335.1"	"chromosome"	"2288.19"	"NA"	"46.7282"	"ftp://ftp.ncbi.nih.gov/genomes/genbank/plant/"	"NA"	"NA"	"NA"	"NA"
"Cannabis_sativa_GCA_003417725.2"	"TRUE"	"Cannabis_sativa"	"Cannabis_sativa"	3483	"angiosperm"	"ncbi"	"26/11/2018"	"University of Toronto"	"ASM341772v2"	"NA"	"GCA_003417725.2"	"chromosome"	"1009.67"	"NA"	"34.1395"	"ftp://ftp.ncbi.nih.gov/genomes/genbank/plant/"	"NA"	"NA"	"NA"	"NA"
"Oryza_sativa_GCA_003865235.1"	"TRUE"	"Oryza_sativa"	"Oryza_sativa_Japonica_Group"	4530	"angiosperm"	"ncbi"	"06/12/2018"	"Chinese Academy of Agricultural Sciences"	"ASM386523v1"	"NA"	"GCA_003865235.1"	"chromosome"	"379.626"	"NA"	"43.5414"	"ftp://ftp.ncbi.nih.gov/genomes/genbank/plant/"	"NA"	"NA"	"NA"	"NA"
"Arabidopsis_thaliana_GCA_902460295.1"	"TRUE"	"Arabidopsis_thaliana"	"Arabidopsis_thaliana"	3702	"angiosperm"	"ncbi"	"27/09/2019"	"MAX PLANCK INSTITUTE FOR PLANT BREEDING RESEARCH"	"Arabidopsis_thaliana_Sha"	"NA"	"GCA_902460295.1"	"chromosome"	"120.29"	"NA"	"36.1365"	"ftp://ftp.ncbi.nih.gov/genomes/genbank/plant/"	"NA"	"NA"	"NA"	"NA"
"Arabidopsis_thaliana_GCA_902460315.1"	"TRUE"	"Arabidopsis_thaliana"	"Arabidopsis_thaliana"	3702	"angiosperm"	"ncbi"	"27/09/2019"	"MAX PLANCK INSTITUTE FOR PLANT BREEDING RESEARCH"	"Arabidopsis_thaliana_Eri-1"	"NA"	"GCA_902460315.1"	"chromosome"	"120.795"	"NA"	"36.1309"	"ftp://ftp.ncbi.nih.gov/genomes/genbank/plant/"	"NA"	"NA"	"NA"	"NA"
"Oryza_sativa_GCA_001889745.1"	"TRUE"	"Oryza_sativa"	"Oryza_sativa_Indica_Group"	4530	"angiosperm"	"ncbi"	"06/12/2016"	"The University of Arizona"	"Rice_IR8_v1.7"	"NA"	"GCA_001889745.1"	"chromosome"	"389.088"	"NA"	"43.6061"	"ftp://ftp.ncbi.nih.gov/genomes/genbank/plant/"	"NA"	"NA"	"NA"	"NA"
"Triticum_aestivum_GCA_000210335.1"	"TRUE"	"Triticum_aestivum"	"Triticum_aestivum"	4565	"angiosperm"	"ncbi"	"26/04/2011"	"International Wheat Genome Sequencing Consortium"	"ASM21033v1"	"NA"	"GCA_000210335.1"	"chromosome"	"1.26608"	"NA"	"44.8"	"ftp://ftp.ncbi.nih.gov/genomes/genbank/plant/"	"NA"	"NA"	"NA"	"NA"
"Triticum_aestivum_GCA_900411305.1"	"TRUE"	"Triticum_aestivum"	"Triticum_aestivum"	4565	"angiosperm"	"ncbi"	"21/12/2018"	"UNIVERSITY OF ZURICH"	"CH Campala Lr22a Pseudomolecule v5"	"NA"	"GCA_900411305.1"	"chromosome"	"563.502"	"NA"	"46.3"	"ftp://ftp.ncbi.nih.gov/genomes/genbank/plant/"	"NA"	"NA"	"NA"	"NA"
"Oryza_sativa_GCA_003865215.1"	"TRUE"	"Oryza_sativa"	"Oryza_sativa"	4530	"angiosperm"	"ncbi"	"06/12/2018"	"Chinese Academy of Agricultural Sciences"	"ASM386521v1"	"NA"	"GCA_003865215.1"	"chromosome"	"395.354"	"NA"	"43.6403"	"ftp://ftp.ncbi.nih.gov/genomes/genbank/plant/"	"NA"	"NA"	"NA"	"NA"
"Arabidopsis_thaliana_GCA_001651475.1"	"TRUE"	"Arabidopsis_thaliana"	"Arabidopsis_thaliana"	3702	"angiosperm"	"ncbi"	"27/05/2016"	"Center for genomic Regulation"	"Ler Assembly"	"NA"	"GCA_001651475.1"	"chromosome"	"118.891"	"NA"	"35.8882"	"ftp://ftp.ncbi.nih.gov/genomes/genbank/plant/"	"NA"	"NA"	"NA"	"NA"
"Oryza_sativa_GCA_000005425.2"	"TRUE"	"Oryza_sativa"	"Oryza_sativa_Japonica_Group"	4530	"angiosperm"	"ncbi"	"26/10/2011"	"International Rice Genome Sequencing Project"	"Build 4.0"	"The IRGSP pseudomolecules (Build 4.0)"	"GCA_000005425.2"	"chromosome"	"382.778"	"NA"	"42.6517"	"ftp://ftp.ncbi.nih.gov/genomes/genbank/plant/"	"NA"	"NA"	"NA"	"NA"
"Oryza_sativa_GCA_004007595.1"	"TRUE"	"Oryza_sativa"	"Oryza_sativa"	4530	"angiosperm"	"ncbi"	"13/02/2019"	"Cornell University"	"JHU_CGRice_1.0"	"NA"	"GCA_004007595.1"	"chromosome"	"377.604"	"NA"	"43.3523"	"ftp://ftp.ncbi.nih.gov/genomes/genbank/plant/"	"NA"	"NA"	"NA"	"NA"
"Oryza_sativa_GCA_004348155.2"	"TRUE"	"Oryza_sativa"	"Oryza_sativa"	4530	"angiosperm"	"ncbi"	"27/03/2019"	"Nanjing University"	"China"	"Tetep-1.0_genome"	"GCA_004348155.2"	"chromosome"	"415.393"	"NA"	"43.9415"	"ftp://ftp.ncbi.nih.gov/genomes/genbank/plant/"	"NA"	"NA"	"NA"	"NA"
"Oryza_sativa_GCA_001618795.1"	"TRUE"	"Oryza_sativa"	"Oryza_sativa_Indica_Group"	4530	"angiosperm"	"ncbi"	"27/05/2016"	"Huazhong Agricultural University"	"ZSv2.0"	"NA"	"GCA_001618795.1"	"chromosome"	"386.486"	"NA"	"43.5278"	"ftp://ftp.ncbi.nih.gov/genomes/genbank/plant/"	"NA"	"NA"	"NA"	"NA"
"Oryza_sativa_GCA_000725085.2"	"TRUE"	"Oryza_sativa"	"Oryza_sativa_Indica_Group"	4530	"angiosperm"	"ncbi"	"05/04/2016"	"Centre for Cellular and Molecular Platforms"	"ASM72508v2"	"NA"	"GCA_000725085.2"	"chromosome"	"389.753"	"NA"	"42.8827"	"ftp://ftp.ncbi.nih.gov/genomes/genbank/plant/"	"NA"	"NA"	"NA"	"NA"
"Oryza_sativa_GCA_001618785.1"	"TRUE"	"Oryza_sativa"	"Oryza_sativa_Indica_Group"	4530	"angiosperm"	"ncbi"	"26/05/2016"	"Huazhong Agricultural University"	"Mhv2.0"	"NA"	"GCA_001618785.1"	"chromosome"	"398.762"	"NA"	"43.6775"	"ftp://ftp.ncbi.nih.gov/genomes/genbank/plant/"	"NA"	"NA"	"NA"	"NA"
"Oryza_sativa_GCA_000817635.1"	"TRUE"	"Oryza_sativa"	"Oryza_sativa_Japonica_Group"	4530	"angiosperm"	"ncbi"	"14/01/2015"	"University of California"	" Riverside"	"A123v1.0"	"GCA_000817635.1"	"chromosome"	"337.74"	"NA"	"42.97"	"ftp://ftp.ncbi.nih.gov/genomes/genbank/plant/"	"NA"	"NA"	"NA"	"NA"
"Oryza_sativa_GCA_000817615.1"	"TRUE"	"Oryza_sativa"	"Oryza_sativa_Japonica_Group"	4530	"angiosperm"	"ncbi"	"14/01/2015"	"University of California"	" Riverside"	"HEG4v1.0"	"GCA_000817615.1"	"chromosome"	"342.028"	"NA"	"42.9596"	"ftp://ftp.ncbi.nih.gov/genomes/genbank/plant/"	"NA"	"NA"	"NA"	"NA"
"Oryza_sativa_GCA_000004655.2"	"TRUE"	"Oryza_sativa"	"Oryza_sativa_Indica_Group"	4530	"angiosperm"	"ncbi"	"07/10/2011"	"Beijing Institute of Genomics"	" Chinese Academy of Sciences"	"ASM465v1"	"GCA_000004655.2"	"chromosome"	"426.337"	"NA"	"43.7299"	"ftp://ftp.ncbi.nih.gov/genomes/genbank/plant/"	"NA"	"NA"	"NA"	"NA"
"Oryza_sativa_GCA_000149285.1"	"TRUE"	"Oryza_sativa"	"Oryza_sativa_Japonica_Group"	4530	"angiosperm"	"ncbi"	"08/10/2010"	"Beijing Genomics Institute"	"OrySat_Sep2003"	"NA"	"GCA_000149285.1"	"chromosome"	"391.148"	"NA"	"44.0846"	"ftp://ftp.ncbi.nih.gov/genomes/genbank/plant/"	"NA"	"NA"	"NA"	"NA"
"Oryza_sativa_GCA_000321445.1"	"TRUE"	"Oryza_sativa"	"Oryza_sativa_Japonica_Group"	4530	"angiosperm"	"ncbi"	"17/12/2012"	"Iwate Biotechnology Research Center"	"Osat_hitom_01"	"NA"	"GCA_000321445.1"	"chromosome"	"382.627"	"NA"	"43.3738"	"ftp://ftp.ncbi.nih.gov/genomes/genbank/plant/"	"NA"	"NA"	"NA"	"NA"
"Oryza_sativa_GCA_000164945.1"	"TRUE"	"Oryza_sativa"	"Oryza_sativa_Japonica_Group"	4530	"angiosperm"	"ncbi"	"11/10/2011"	"QTL Genomics Research Center"	" National Institute of Agrobiological Sciences"	"OrySat_Aug2009"	"GCA_000164945.1"	"chromosome"	"382.151"	"NA"	"43.0871"	"ftp://ftp.ncbi.nih.gov/genomes/genbank/plant/"	"NA"	"NA"	"NA"	"NA"
"Arabidopsis_thaliana_GCA_000211275.1"	"TRUE"	"Arabidopsis_thaliana"	"Arabidopsis_thaliana"	3702	"angiosperm"	"ncbi"	"27/04/2011"	"Arabidopsis Genome Initiative"	"ASM21127v1"	"Sequences for chromosomes 1; 3; 4 &amp; 5 from the Arabidopsis thaliana Sequencing Consortium"	"GCA_000211275.1"	"chromosome"	"93.6545"	"NA"	"36.0433"	"ftp://ftp.ncbi.nih.gov/genomes/genbank/plant/"	"NA"	"NA"	"NA"	"NA"
"Medicago_truncatula_GCA_000219495.2"	"TRUE"	"Medicago_truncatula"	"Medicago_truncatula"	3880	"angiosperm"	"ncbi"	"19/06/2014"	"Medicago truncatula Consortium"	"MedtrA17_4.0"	"NA"	"GCA_000219495.2"	"chromosome"	"412.924"	"NA"	"34.047"	"ftp://ftp.ncbi.nih.gov/genomes/genbank/plant/"	"NA"	"NA"	"NA"	"NA"
"Solanum_lycopersicum_GCA_000188115.3"	"TRUE"	"Solanum_lycopersicum"	"Solanum_lycopersicum"	4081	"angiosperm"	"ncbi"	"18/04/2018"	"Solanaceae Genomics Project"	"SL3.0"	"NA"	"GCA_000188115.3"	"chromosome"	"828.349"	"NA"	"35.6991"	"ftp://ftp.ncbi.nih.gov/genomes/genbank/plant/"	"NA"	"NA"	"NA"	"NA"
"Oryza_sativa_GCA_001433935.1"	"TRUE"	"Oryza_sativa"	"Oryza_sativa_Japonica_Group"	4530	"angiosperm"	"ncbi"	"06/11/2015"	"National Institute of Agrobiological Sciences"	"IRGSP-1.0"	"Os-Nipponbare-Reference-IRGSP-1.0"	"GCA_001433935.1"	"chromosome"	"374.423"	"NA"	"43.5769"	"ftp://ftp.ncbi.nih.gov/genomes/genbank/plant/"	"NA"	"NA"	"NA"	"NA"
"Triticum_aestivum_GCA_900519105.1"	"TRUE"	"Triticum_aestivum"	"Triticum_aestivum"	4565	"angiosperm"	"ncbi"	"30/08/2018"	"IWGSC"	"iwgsc_refseqv1.0"	"NA"	"GCA_900519105.1"	"chromosome"	"14547.3"	"NA"	"46.0544"	"ftp://ftp.ncbi.nih.gov/genomes/genbank/plant/"	"NA"	"NA"	"NA"	"NA"
"Zea_mays_GCA_000005005.6"	"TRUE"	"Zea_mays"	"Zea_mays"	4577	"angiosperm"	"ncbi"	"07/02/2017"	"maizesequence"	"B73 RefGen_v4"	"Zm-B73-REFERENCE-GRAMENE-4.0"	"GCA_000005005.6"	"chromosome"	"2135.08"	"NA"	"46.9109"	"ftp://ftp.ncbi.nih.gov/genomes/genbank/plant/"	"NA"	"NA"	"NA"	"NA"
"Populus_trichocarpa_GCA_000002775.3"	"TRUE"	"Populus_trichocarpa"	"Populus_trichocarpa"	3694	"angiosperm"	"ncbi"	"24/01/2018"	"US DOE Joint Genome Institute (JGI"	"Pop_tri_v3"	"NA"	"GCA_000002775.3"	"chromosome"	"434.29"	"NA"	"34.1468"	"ftp://ftp.ncbi.nih.gov/genomes/genbank/plant/"	"NA"	"NA"	"NA"	"NA"
"Sorghum_bicolor_GCA_000003195.3"	"TRUE"	"Sorghum_bicolor"	"Sorghum_bicolor"	4558	"angiosperm"	"ncbi"	"07/04/2017"	"Sorghum Consortium"	"Sorghum_bicolor_NCBIv3"	"NA"	"GCA_000003195.3"	"chromosome"	"709.345"	"NA"	"44.1611"	"ftp://ftp.ncbi.nih.gov/genomes/genbank/plant/"	"NA"	"NA"	"NA"	"NA"
"Brassica_napus_GCA_000686985.2"	"TRUE"	"Brassica_napus"	"Brassica_napus"	3708	"angiosperm"	"ncbi"	"15/09/2017"	"BGI-Shenzhen"	"Bra_napus_v2.0"	"NA"	"GCA_000686985.2"	"chromosome"	"976.191"	"NA"	"37.4074"	"ftp://ftp.ncbi.nih.gov/genomes/genbank/plant/"	"NA"	"NA"	"NA"	"NA"
"Beta_vulgaris_GCA_000511025.2"	"TRUE"	"Beta_vulgaris"	"Beta_vulgaris_subsp._vulgaris"	161934	"angiosperm"	"ncbi"	"08/07/2015"	"Beta vulgaris resource"	"RefBeet-1.2.2"	"NA"	"GCA_000511025.2"	"chromosome"	"566.55"	"NA"	"37.305"	"ftp://ftp.ncbi.nih.gov/genomes/genbank/plant/"	"NA"	"NA"	"NA"	"NA"
"Helianthus_annuus_GCA_002127325.1"	"TRUE"	"Helianthus_annuus"	"Helianthus_annuus"	4232	"angiosperm"	"ncbi"	"12/05/2017"	"International Consortium for Sunflower Genomics"	"HanXRQr1.0"	"NA"	"GCA_002127325.1"	"chromosome"	"3027.84"	"NA"	"38.911"	"ftp://ftp.ncbi.nih.gov/genomes/genbank/plant/"	"NA"	"NA"	"NA"	"NA"
"Phaseolus_vulgaris_GCA_000499845.1"	"TRUE"	"Phaseolus_vulgaris"	"Phaseolus_vulgaris"	3885	"angiosperm"	"ncbi"	"02/12/2013"	"JGI"	"PhaVulg1_0"	"NA"	"GCA_000499845.1"	"chromosome"	"521.077"	"NA"	"36.2199"	"ftp://ftp.ncbi.nih.gov/genomes/genbank/plant/"	"NA"	"NA"	"NA"	"NA"
"Physcomitrella_patens_GCA_000002425.2"	"TRUE"	"Physcomitrella_patens"	"Physcomitrella_patens"	3218	"NA"	"ncbi"	"24/01/2018"	"Moss Genome Consortium"	"Phypa V3"	"NA"	"GCA_000002425.2"	"chromosome"	"472.081"	"NA"	"33.8892"	"ftp://ftp.ncbi.nih.gov/genomes/genbank/plant/"	"NA"	"NA"	"NA"	"NA"
"Prunus_persica_GCA_000346465.2"	"TRUE"	"Prunus_persica"	"Prunus_persica"	3760	"angiosperm"	"ncbi"	"02/02/2017"	"PGF"	"Prunus_persica_NCBIv2"	"NA"	"GCA_000346465.2"	"chromosome"	"227.569"	"NA"	"37.6659"	"ftp://ftp.ncbi.nih.gov/genomes/genbank/plant/"	"NA"	"NA"	"NA"	"NA"
"Vitis_vinifera_GCA_000003745.2"	"TRUE"	"Vitis_vinifera"	"Vitis_vinifera"	29760	"angiosperm"	"ncbi"	"01/11/2011"	"International Grape Genome Program"	"12X"	"NA"	"GCA_000003745.2"	"chromosome"	"486.197"	"NA"	"35.0336"	"ftp://ftp.ncbi.nih.gov/genomes/genbank/plant/"	"NA"	"NA"	"NA"	"NA"
"Manihot_esculenta_GCA_001659605.1"	"TRUE"	"Manihot_esculenta"	"Manihot_esculenta"	3983	"angiosperm"	"ncbi"	"10/06/2016"	"DOE-Joint Genome Institute"	"Manihot esculenta v6"	"NA"	"GCA_001659605.1"	"chromosome"	"582.279"	"NA"	"38.0059"	"ftp://ftp.ncbi.nih.gov/genomes/genbank/plant/"	"NA"	"NA"	"NA"	"NA"
"Theobroma_cacao_GCA_000208745.2"	"TRUE"	"Theobroma_cacao"	"Theobroma_cacao"	3641	"angiosperm"	"ncbi"	"26/08/2016"	"CIRAD"	"Criollo_cocoa_genome_V2"	"NA"	"GCA_000208745.2"	"chromosome"	"324.88"	"NA"	"34.9922"	"ftp://ftp.ncbi.nih.gov/genomes/genbank/plant/"	"NA"	"NA"	"NA"	"NA"
"Vigna_radiata_GCA_000741045.2"	"TRUE"	"Vigna_radiata"	"Vigna_radiata_var._radiata"	157791	"angiosperm"	"ncbi"	"02/11/2015"	"Seoul National University"	"Vradiata_ver6"	"NA"	"GCA_000741045.2"	"chromosome"	"463.638"	"NA"	"34.3983"	"ftp://ftp.ncbi.nih.gov/genomes/genbank/plant/"	"NA"	"NA"	"NA"	"NA"
"Daucus_carota_GCA_001625215.1"	"TRUE"	"Daucus_carota"	"Daucus_carota_subsp._sativus"	4039	"angiosperm"	"ncbi"	"25/05/2016"	"USDA ARS"	"ASM162521v1"	"NA"	"GCA_001625215.1"	"chromosome"	"421.539"	"NA"	"36.0427"	"ftp://ftp.ncbi.nih.gov/genomes/genbank/plant/"	"NA"	"NA"	"NA"	"NA"
"Cucumis_sativus_GCA_000004075.2"	"TRUE"	"Cucumis_sativus"	"Cucumis_sativus"	3659	"angiosperm"	"ncbi"	"27/10/2014"	"The Cucumber Genome Initiative"	"ASM407v2"	"NA"	"GCA_000004075.2"	"chromosome"	"195.669"	"NA"	"32.7902"	"ftp://ftp.ncbi.nih.gov/genomes/genbank/plant/"	"NA"	"NA"	"NA"	"NA"
"Elaeis_guineensis_GCA_000442705.1"	"TRUE"	"Elaeis_guineensis"	"Elaeis_guineensis"	51953	"angiosperm"	"ncbi"	"14/08/2013"	"Orion Genomics"	"EG5"	"NA"	"GCA_000442705.1"	"chromosome"	"1535.18"	"NA"	"40.999"	"ftp://ftp.ncbi.nih.gov/genomes/genbank/plant/"	"NA"	"NA"	"NA"	"NA"
"Arachis_hypogaea_GCA_003086295.2"	"TRUE"	"Arachis_hypogaea"	"Arachis_hypogaea"	3818	"angiosperm"	"ncbi"	"18/04/2019"	"International Peanut Genome Initiative"	"arahy.Tifrunner.gnm1.KYV3"	"NA"	"GCA_003086295.2"	"chromosome"	"2557.07"	"NA"	"36.3472"	"ftp://ftp.ncbi.nih.gov/genomes/genbank/plant/"	"NA"	"NA"	"NA"	"NA"
"Cajanus_cajan_GCA_000340665.1"	"TRUE"	"Cajanus_cajan"	"Cajanus_cajan"	3821	"angiosperm"	"ncbi"	"30/03/2016"	"BGI"	"C.cajan_V1.0"	"NA"	"GCA_000340665.1"	"chromosome"	"592.971"	"NA"	"33.7105"	"ftp://ftp.ncbi.nih.gov/genomes/genbank/plant/"	"NA"	"NA"	"NA"	"NA"
"Cicer_arietinum_GCA_000331145.1"	"TRUE"	"Cicer_arietinum"	"Cicer_arietinum"	3827	"angiosperm"	"ncbi"	"17/01/2013"	"BGI-Shenzhen"	"ASM33114v1"	"NA"	"GCA_000331145.1"	"chromosome"	"530.894"	"NA"	"32.6705"	"ftp://ftp.ncbi.nih.gov/genomes/genbank/plant/"	"NA"	"NA"	"NA"	"NA"
"Gossypium_raimondii_GCA_000327365.1"	"TRUE"	"Gossypium_raimondii"	"Gossypium_raimondii"	29730	"angiosperm"	"ncbi"	"29/12/2012"	"DOE Joint Genome Institute"	"Graimondii2_0"	"NA"	"GCA_000327365.1"	"chromosome"	"761.565"	"NA"	"33.5284"	"ftp://ftp.ncbi.nih.gov/genomes/genbank/plant/"	"NA"	"NA"	"NA"	"NA"
"Citrus_sinensis_GCA_000317415.1"	"TRUE"	"Citrus_sinensis"	"Citrus_sinensis"	2711	"angiosperm"	"ncbi"	"12/12/2012"	"China sweet orange genome project"	"Csi_valencia_1.0"	"NA"	"GCA_000317415.1"	"chromosome"	"327.83"	"NA"	"35.3314"	"ftp://ftp.ncbi.nih.gov/genomes/genbank/plant/"	"NA"	"NA"	"NA"	"NA"
"Gossypium_barbadense_GCA_008761655.1"	"TRUE"	"Gossypium_barbadense"	"Gossypium_barbadense"	3634	"angiosperm"	"ncbi"	"08/10/2019"	"HudsonAlpha Genome Sequencing Center"	"Gossypium_barbadense_v1.1"	"NA"	"GCA_008761655.1"	"chromosome"	"2195.8"	"NA"	"34.1323"	"ftp://ftp.ncbi.nih.gov/genomes/genbank/plant/"	"NA"	"NA"	"NA"	"NA"
"Oryza_brachyantha_GCA_000231095.2"	"TRUE"	"Oryza_brachyantha"	"Oryza_brachyantha"	4533	"angiosperm"	"ncbi"	"23/01/2012"	"The Institute of Genetics and Developmental Biology"	"Oryza_brachyantha.v1.4b"	"NA"	"GCA_000231095.2"	"chromosome"	"259.908"	"NA"	"41.0964"	"ftp://ftp.ncbi.nih.gov/genomes/genbank/plant/"	"NA"	"NA"	"NA"	"NA"
"Capsicum_annuum_GCA_000710875.1"	"TRUE"	"Capsicum_annuum"	"Capsicum_annuum"	4072	"angiosperm"	"ncbi"	"11/03/2015"	"BGI"	"Pepper Zunla 1 Ref_v1.0"	"NA"	"GCA_000710875.1"	"chromosome"	"2935.88"	"NA"	"35.4061"	"ftp://ftp.ncbi.nih.gov/genomes/genbank/plant/"	"NA"	"NA"	"NA"	"NA"
"Prunus_dulcis_GCA_902201215.1"	"TRUE"	"Prunus_dulcis"	"Prunus_dulcis"	3755	"angiosperm"	"ncbi"	"17/10/2019"	"CNAG"	"ALMONDv2"	"NA"	"GCA_902201215.1"	"chromosome"	"227.599"	"NA"	"37.7187"	"ftp://ftp.ncbi.nih.gov/genomes/genbank/plant/"	"NA"	"NA"	"NA"	"NA"
"Gossypium_arboreum_GCA_000612285.2"	"TRUE"	"Gossypium_arboreum"	"Gossypium_arboreum"	29729	"angiosperm"	"ncbi"	"28/09/2015"	"BGI"	"Gossypium_arboreum_v1.0"	"NA"	"GCA_000612285.2"	"chromosome"	"1694.6"	"NA"	"36.1993"	"ftp://ftp.ncbi.nih.gov/genomes/genbank/plant/"	"NA"	"NA"	"NA"	"NA"
"Triticum_turgidum_GCA_900231445.1"	"TRUE"	"Triticum_turgidum"	"Triticum_turgidum_subsp._durum"	4571	"angiosperm"	"ncbi"	"12/06/2019"	"ITB-CNR"	"Svevo.v1"	"NA"	"GCA_900231445.1"	"chromosome"	"9964.34"	"NA"	"45.9974"	"ftp://ftp.ncbi.nih.gov/genomes/genbank/plant/"	"NA"	"NA"	"NA"	"NA"
"Musa_acuminata_GCA_000313855.2"	"TRUE"	"Musa_acuminata"	"Musa_acuminata_subsp._malaccensis"	4641	"angiosperm"	"ncbi"	"15/01/2016"	"Genoscope/IG/CEA"	"ASM31385v2"	"NA"	"GCA_000313855.2"	"chromosome"	"472.231"	"NA"	"40.729"	"ftp://ftp.ncbi.nih.gov/genomes/genbank/plant/"	"NA"	"NA"	"NA"	"NA"
"Setaria_italica_GCA_000263155.2"	"TRUE"	"Setaria_italica"	"Setaria_italica"	4555	"angiosperm"	"ncbi"	"30/10/2015"	"JGI-PGF"	"Setaria_italica_v2.0"	"NA"	"GCA_000263155.2"	"chromosome"	"405.868"	"NA"	"46.1715"	"ftp://ftp.ncbi.nih.gov/genomes/genbank/plant/"	"NA"	"NA"	"NA"	"NA"
"Lupinus_angustifolius_GCA_001865875.1"	"TRUE"	"Lupinus_angustifolius"	"Lupinus_angustifolius"	3871	"angiosperm"	"ncbi"	"16/11/2016"	"CSIRO"	"LupAngTanjil_v1.0"	"NA"	"GCA_001865875.1"	"chromosome"	"609.203"	"NA"	"33.5664"	"ftp://ftp.ncbi.nih.gov/genomes/genbank/plant/"	"NA"	"NA"	"NA"	"NA"
"Vigna_unguiculata_GCA_004118075.1"	"TRUE"	"Vigna_unguiculata"	"Vigna_unguiculata"	3917	"angiosperm"	"ncbi"	"30/01/2019"	"University of California"	" Riverside"	"ASM411807v1"	"GCA_004118075.1"	"chromosome"	"519.067"	"NA"	"33.0643"	"ftp://ftp.ncbi.nih.gov/genomes/genbank/plant/"	"NA"	"NA"	"NA"	"NA"
"Vigna_angularis_GCA_001190045.1"	"TRUE"	"Vigna_angularis"	"Vigna_angularis"	3914	"angiosperm"	"ncbi"	"03/08/2015"	"Beijing University of Agriculture"	"Vigan1.1"	"NA"	"GCA_001190045.1"	"chromosome"	"467.301"	"NA"	"34.6231"	"ftp://ftp.ncbi.nih.gov/genomes/genbank/plant/"	"NA"	"NA"	"NA"	"NA"
"Cynara_cardunculus_GCA_001531365.1"	"TRUE"	"Cynara_cardunculus"	"Cynara_cardunculus_var._scolymus"	4265	"angiosperm"	"ncbi"	"17/04/2018"	"Compositae Genome Project"	"CcrdV1"	"NA"	"GCA_001531365.1"	"chromosome"	"725.198"	"NA"	"36.7454"	"ftp://ftp.ncbi.nih.gov/genomes/genbank/plant/"	"NA"	"NA"	"NA"	"NA"
"Sesamum_indicum_GCA_000512975.1"	"TRUE"	"Sesamum_indicum"	"Sesamum_indicum"	4182	"angiosperm"	"ncbi"	"06/01/2014"	"Oil Crops Research Institute of the Chinese Academy of Agricultural Sciences"	"S_indicum_v1.0"	"NA"	"GCA_000512975.1"	"chromosome"	"275.059"	"NA"	"35.2239"	"ftp://ftp.ncbi.nih.gov/genomes/genbank/plant/"	"NA"	"NA"	"NA"	"NA"
"Cannabis_sativa_GCA_900626175.1"	"TRUE"	"Cannabis_sativa"	"Cannabis_sativa"	3483	"angiosperm"	"ncbi"	"27/02/2019"	"HARVARD OEB"	"cs10"	"NA"	"GCA_900626175.1"	"chromosome"	"876.148"	"NA"	"36.1504"	"ftp://ftp.ncbi.nih.gov/genomes/genbank/plant/"	"NA"	"NA"	"NA"	"NA"
"Arachis_duranensis_GCA_000817695.2"	"TRUE"	"Arachis_duranensis"	"Arachis_duranensis"	130453	"angiosperm"	"ncbi"	"25/04/2017"	"Iowa State University"	"Aradu1.1"	"NA"	"GCA_000817695.2"	"chromosome"	"1084.26"	"NA"	"37.675"	"ftp://ftp.ncbi.nih.gov/genomes/genbank/plant/"	"NA"	"NA"	"NA"	"NA"
"Cucurbita_pepo_GCA_002806865.2"	"TRUE"	"Cucurbita_pepo"	"Cucurbita_pepo_subsp._pepo"	3663	"angiosperm"	"ncbi"	"07/12/2017"	"Comav-UPV"	"ASM280686v2"	"NA"	"GCA_002806865.2"	"chromosome"	"261.355"	"NA"	"37.2561"	"ftp://ftp.ncbi.nih.gov/genomes/genbank/plant/"	"NA"	"NA"	"NA"	"NA"
"Gossypium_darwinii_GCA_007990325.1"	"TRUE"	"Gossypium_darwinii"	"Gossypium_darwinii"	34276	"angiosperm"	"ncbi"	"27/08/2019"	"HudsonAlpha Genome Sequencing Center"	"Gossypium_darwinii_v1.1"	"NA"	"GCA_007990325.1"	"chromosome"	"2182.96"	"NA"	"34.1432"	"ftp://ftp.ncbi.nih.gov/genomes/genbank/plant/"	"NA"	"NA"	"NA"	"NA"
"Gossypium_tomentosum_GCA_007990485.1"	"TRUE"	"Gossypium_tomentosum"	"Gossypium_tomentosum"	34277	"angiosperm"	"ncbi"	"28/08/2019"	"HudsonAlpha Genome Sequencing Center"	"Gossypium_tomentosum_v1.1"	"NA"	"GCA_007990485.1"	"chromosome"	"2193.56"	"NA"	"34.218"	"ftp://ftp.ncbi.nih.gov/genomes/genbank/plant/"	"NA"	"NA"	"NA"	"NA"
"Gossypium_mustelinum_GCA_007990455.1"	"TRUE"	"Gossypium_mustelinum"	"Gossypium_mustelinum"	34275	"angiosperm"	"ncbi"	"28/08/2019"	"HudsonAlpha Genome Sequencing Center"	"Gossypium_mustelinum_v1.1"	"NA"	"GCA_007990455.1"	"chromosome"	"2315.09"	"NA"	"34.506"	"ftp://ftp.ncbi.nih.gov/genomes/genbank/plant/"	"NA"	"NA"	"NA"	"NA"
"Mikania_micrantha_GCA_009363875.1"	"TRUE"	"Mikania_micrantha"	"Mikania_micrantha"	192012	"angiosperm"	"ncbi"	"04/11/2019"	"Agricultural Genomics institute at Shenzhen"	"ASM936387v1"	"NA"	"GCA_009363875.1"	"chromosome"	"1790.64"	"NA"	"36.1952"	"ftp://ftp.ncbi.nih.gov/genomes/genbank/plant/"	"NA"	"NA"	"NA"	"NA"
"Panicum_hallii_GCA_002211085.2"	"TRUE"	"Panicum_hallii"	"Panicum_hallii"	206008	"angiosperm"	"ncbi"	"01/05/2018"	"DOE Joint Genome Institute"	"PHallii_v3.1"	"NA"	"GCA_002211085.2"	"chromosome"	"535.889"	"NA"	"46.9052"	"ftp://ftp.ncbi.nih.gov/genomes/genbank/plant/"	"NA"	"NA"	"NA"	"NA"
"Glycine_soja_GCA_004193775.2"	"TRUE"	"Glycine_soja"	"Glycine_soja"	3848	"angiosperm"	"ncbi"	"21/02/2019"	"The Chinese University of Hong Kong"	"ASM419377v2"	"NA"	"GCA_004193775.2"	"chromosome"	"1013.77"	"NA"	"35.2469"	"ftp://ftp.ncbi.nih.gov/genomes/genbank/plant/"	"NA"	"NA"	"NA"	"NA"
"Nicotiana_attenuata_GCA_001879085.1"	"TRUE"	"Nicotiana_attenuata"	"Nicotiana_attenuata"	49451	"angiosperm"	"ncbi"	"15/11/2016"	"Max Planck Institute for Chemical Ecology"	"NIATTr2"	"NA"	"GCA_001879085.1"	"chromosome"	"2365.68"	"NA"	"41.333"	"ftp://ftp.ncbi.nih.gov/genomes/genbank/plant/"	"NA"	"NA"	"NA"	"NA"
"Populus_simonii_GCA_007827005.2"	"TRUE"	"Populus_simonii"	"Populus_simonii"	295327	"angiosperm"	"ncbi"	"16/08/2019"	"Nanjing Forestry University"	"Populus_simonii_2.0"	"NA"	"GCA_007827005.2"	"chromosome"	"441.407"	"NA"	"33.6576"	"ftp://ftp.ncbi.nih.gov/genomes/genbank/plant/"	"NA"	"NA"	"NA"	"NA"
"Prunus_mume_GCA_000346735.1"	"TRUE"	"Prunus_mume"	"Prunus_mume"	102107	"angiosperm"	"ncbi"	"18/03/2013"	"BGI"	"P.mume_V1.0"	"NA"	"GCA_000346735.1"	"chromosome"	"234.03"	"NA"	"38.327"	"ftp://ftp.ncbi.nih.gov/genomes/genbank/plant/"	"NA"	"NA"	"NA"	"NA"
"Camelina_sativa_GCA_000633955.1"	"TRUE"	"Camelina_sativa"	"Camelina_sativa"	90675	"angiosperm"	"ncbi"	"24/04/2014"	"Agriculture &amp"	" AgriFood Canada"	"Cs"	"GCA_000633955.1"	"chromosome"	"641.356"	"NA"	"37.4934"	"ftp://ftp.ncbi.nih.gov/genomes/genbank/plant/"	"NA"	"NA"	"NA"	"NA"
"Ziziphus_jujuba_GCA_000826755.1"	"TRUE"	"Ziziphus_jujuba"	"Ziziphus_jujuba"	326968	"angiosperm"	"ncbi"	"06/02/2015"	"Agricultural University of Hebei"	"ZizJuj_1.1"	"NA"	"GCA_000826755.1"	"chromosome"	"437.754"	"NA"	"34.1503"	"ftp://ftp.ncbi.nih.gov/genomes/genbank/plant/"	"NA"	"NA"	"NA"	"NA"
"Actinidia_chinensis_GCA_003024255.1"	"TRUE"	"Actinidia_chinensis"	"Actinidia_chinensis_var._chinensis"	3625	"angiosperm"	"ncbi"	"30/03/2018"	"The New Zealand Institute for Plant and Food Research Ltd"	"Red5_PS1_1.69.0"	"NA"	"GCA_003024255.1"	"chromosome"	"553.842"	"NA"	"35.8027"	"ftp://ftp.ncbi.nih.gov/genomes/genbank/plant/"	"NA"	"NA"	"NA"	"NA"
"Miscanthus_sacchariflorus_GCA_002993905.1"	"TRUE"	"Miscanthus_sacchariflorus"	"Miscanthus_sacchariflorus"	183675	"angiosperm"	"ncbi"	"28/03/2018"	"Earlham Institute"	"Msac_v3"	"NA"	"GCA_002993905.1"	"chromosome"	"2074.92"	"NA"	"46.4829"	"ftp://ftp.ncbi.nih.gov/genomes/genbank/plant/"	"NA"	"NA"	"NA"	"NA"
"Andrographis_paniculata_GCA_004354405.1"	"TRUE"	"Andrographis_paniculata"	"Andrographis_paniculata"	175694	"angiosperm"	"ncbi"	"19/03/2019"	"China Academy of Chinese Medical Sciences"	"ASM435440v1"	"NA"	"GCA_004354405.1"	"chromosome"	"269.408"	"NA"	"33.3419"	"ftp://ftp.ncbi.nih.gov/genomes/genbank/plant/"	"NA"	"NA"	"NA"	"NA"
"Solanum_pennellii_GCA_001406875.2"	"TRUE"	"Solanum_pennellii"	"Solanum_pennellii"	28526	"angiosperm"	"ncbi"	"02/12/2015"	"RWTH Aachen"	"SPENNV200"	"NA"	"GCA_001406875.2"	"chromosome"	"926.426"	"NA"	"35.6914"	"ftp://ftp.ncbi.nih.gov/genomes/genbank/plant/"	"NA"	"NA"	"NA"	"NA"
"Dioscorea_rotundata_GCA_002240015.2"	"TRUE"	"Dioscorea_rotundata"	"Dioscorea_rotundata"	55577	"angiosperm"	"ncbi"	"30/08/2017"	"Iwate Biotechnology Research Center"	"TDr96_F1_Pseudo_Chromosome_v1.0"	"NA"	"GCA_002240015.2"	"chromosome"	"456.675"	"NA"	"31.5652"	"ftp://ftp.ncbi.nih.gov/genomes/genbank/plant/"	"NA"	"NA"	"NA"	"NA"
"Arachis_ipaensis_GCA_000816755.2"	"TRUE"	"Arachis_ipaensis"	"Arachis_ipaensis"	130454	"angiosperm"	"ncbi"	"25/04/2017"	"Iowa State University"	"Araip1.1"	"NA"	"GCA_000816755.2"	"chromosome"	"1353.5"	"NA"	"37.7748"	"ftp://ftp.ncbi.nih.gov/genomes/genbank/plant/"	"NA"	"NA"	"NA"	"NA"
"Panicum_miliaceum_GCA_002895445.2"	"TRUE"	"Panicum_miliaceum"	"Panicum_miliaceum"	4540	"angiosperm"	"ncbi"	"10/07/2018"	"China Agricultural University"	"ASM289544v2"	"NA"	"GCA_002895445.2"	"chromosome"	"848.352"	"NA"	"46.8382"	"ftp://ftp.ncbi.nih.gov/genomes/genbank/plant/"	"NA"	"NA"	"NA"	"NA"
"Quercus_lobata_GCA_001633185.2"	"TRUE"	"Quercus_lobata"	"Quercus_lobata"	97700	"angiosperm"	"ncbi"	"11/01/2019"	"University of Maryland Center for Environmental Science"	"ValleyOak3.0"	"NA"	"GCA_001633185.2"	"chromosome"	"846.07"	"NA"	"35.4253"	"ftp://ftp.ncbi.nih.gov/genomes/genbank/plant/"	"NA"	"NA"	"NA"	"NA"
"Saccharum_spontaneum_GCA_003544955.1"	"TRUE"	"Saccharum_spontaneum"	"Saccharum_spontaneum"	62335	"angiosperm"	"ncbi"	"12/09/2018"	"Fujian Agriculture and Forestry University"	"Sspon.HiC_chr_asm"	"NA"	"GCA_003544955.1"	"chromosome"	"3133.29"	"NA"	"44.937"	"ftp://ftp.ncbi.nih.gov/genomes/genbank/plant/"	"NA"	"NA"	"NA"	"NA"
"Actinidia_eriantha_GCA_004150315.1"	"TRUE"	"Actinidia_eriantha"	"Actinidia_eriantha"	165200	"angiosperm"	"ncbi"	"08/02/2019"	"Cornell University"	"ASM415031v1"	"NA"	"GCA_004150315.1"	"chromosome"	"690.611"	"NA"	"35.9315"	"ftp://ftp.ncbi.nih.gov/genomes/genbank/plant/"	"NA"	"NA"	"NA"	"NA"
"Arachis_monticola_GCA_003063285.2"	"TRUE"	"Arachis_monticola"	"Arachis_monticola"	227691	"angiosperm"	"ncbi"	"27/04/2018"	"Henan Agricultural University"	"ASM306328v2"	"NA"	"GCA_003063285.2"	"chromosome"	"2618.65"	"NA"	"37.4064"	"ftp://ftp.ncbi.nih.gov/genomes/genbank/plant/"	"NA"	"NA"	"NA"	"NA"
"Ipomoea_triloba_GCA_003576645.1"	"TRUE"	"Ipomoea_triloba"	"Ipomoea_triloba"	35885	"angiosperm"	"ncbi"	"19/09/2018"	"Cornell University"	"ASM357664v1"	"NA"	"GCA_003576645.1"	"chromosome"	"461.989"	"NA"	"36.4362"	"ftp://ftp.ncbi.nih.gov/genomes/genbank/plant/"	"NA"	"NA"	"NA"	"NA"
"Coffea_eugenioides_GCA_003713205.1"	"TRUE"	"Coffea_eugenioides"	"Coffea_eugenioides"	49369	"angiosperm"	"ncbi"	"08/11/2018"	"Johns Hopkins University"	"Ceug_1.0"	"NA"	"GCA_003713205.1"	"chromosome"	"699.904"	"NA"	"37.153"	"ftp://ftp.ncbi.nih.gov/genomes/genbank/plant/"	"NA"	"NA"	"NA"	"NA"
"Pyrus_betulifolia_GCA_007844245.1"	"TRUE"	"Pyrus_betulifolia"	"Pyrus_betulifolia"	436086	"angiosperm"	"ncbi"	"08/08/2019"	"Research Institute of Pomology"	" Chinese Academy of Agricultural Sciences"	"ASM784424v1"	"GCA_007844245.1"	"chromosome"	"532.747"	"NA"	"37.5496"	"ftp://ftp.ncbi.nih.gov/genomes/genbank/plant/"	"NA"	"NA"	"NA"	"NA"
"Nyssa_sinensis_GCA_008638375.1"	"TRUE"	"Nyssa_sinensis"	"Nyssa_sinensis"	561372	"angiosperm"	"ncbi"	"25/09/2019"	"Nyssa sinensis"	"ASM863837v1"	"NA"	"GCA_008638375.1"	"chromosome"	"1001.45"	"NA"	"35.9841"	"ftp://ftp.ncbi.nih.gov/genomes/genbank/plant/"	"NA"	"NA"	"NA"	"NA"
"Pyrus_ussuriensis_x_Pyrus_communis_GCA_008932095.1"	"TRUE"	"Pyrus_ussuriensis_x_Pyrus_communis"	"Pyrus_ussuriensis_x_Pyrus_communis"	309349	"angiosperm"	"ncbi"	"11/10/2019"	"Research Institute of Pomology Chinese Academy of Agricultural Sciences"	"ASM893209v1"	"NA"	"GCA_008932095.1"	"chromosome"	"510.637"	"NA"	"37.3742"	"ftp://ftp.ncbi.nih.gov/genomes/genbank/plant/"	"NA"	"NA"	"NA"	"NA"
"Salix_brachista_GCA_009078335.1"	"TRUE"	"Salix_brachista"	"Salix_brachista"	2182728	"angiosperm"	"ncbi"	"22/10/2019"	"Chinese Academy of Sciences"	"ASM907833v1"	"NA"	"GCA_009078335.1"	"chromosome"	"339.588"	"NA"	"34.1556"	"ftp://ftp.ncbi.nih.gov/genomes/genbank/plant/"	"NA"	"NA"	"NA"	"NA"
"Panicum_miliaceum_GCA_003046395.2"	"TRUE"	"Panicum_miliaceum"	"Panicum_miliaceum"	4540	"angiosperm"	"ncbi"	"25/10/2018"	"Shanghai Center for Plant Stress Biology"	"Pm_0390_v2"	"NA"	"GCA_003046395.2"	"chromosome"	"854.793"	"NA"	"46.8958"	"ftp://ftp.ncbi.nih.gov/genomes/genbank/plant/"	"NA"	"NA"	"NA"	"NA"
"Glycine_soja_GCA_002907465.1"	"TRUE"	"Glycine_soja"	"Glycine_soja"	3848	"angiosperm"	"ncbi"	"30/01/2018"	"SoyBase"	"glyso.PI483463.gnm1"	"NA"	"GCA_002907465.1"	"chromosome"	"985.26"	"NA"	"35.2853"	"ftp://ftp.ncbi.nih.gov/genomes/genbank/plant/"	"NA"	"NA"	"NA"	"NA"
"Lupinus_angustifolius_GCA_002285895.2"	"TRUE"	"Lupinus_angustifolius"	"Lupinus_angustifolius"	3871	"angiosperm"	"ncbi"	"02/10/2017"	"Department of Agricultural and Food"	"ASM228589v2"	"NA"	"GCA_002285895.2"	"chromosome"	"557.909"	"NA"	"33.3878"	"ftp://ftp.ncbi.nih.gov/genomes/genbank/plant/"	"NA"	"NA"	"NA"	"NA"
"Gossypium_hirsutum_GCA_006980745.1"	"TRUE"	"Gossypium_hirsutum"	"Gossypium_hirsutum"	3635	"angiosperm"	"ncbi"	"29/07/2019"	"Chinese Academy of Agricultural Sciences"	"ASM698074v1"	"NA"	"GCA_006980745.1"	"chromosome"	"2287.87"	"NA"	"34.3686"	"ftp://ftp.ncbi.nih.gov/genomes/genbank/plant/"	"NA"	"NA"	"NA"	"NA"
"Arachis_hypogaea_GCA_003713155.1"	"TRUE"	"Arachis_hypogaea"	"Arachis_hypogaea"	3818	"angiosperm"	"ncbi"	"15/11/2018"	"International peanut genome project"	"ASM371315v1"	"NA"	"GCA_003713155.1"	"chromosome"	"2506.71"	"NA"	"36.3706"	"ftp://ftp.ncbi.nih.gov/genomes/genbank/plant/"	"NA"	"NA"	"NA"	"NA"
"Malus_domestica_GCA_004115385.1"	"TRUE"	"Malus_domestica"	"Malus_domestica"	3750	"angiosperm"	"ncbi"	"29/01/2019"	"nextomics"	"ASM411538v1"	"NA"	"GCA_004115385.1"	"chromosome"	"660.463"	"NA"	"38.1039"	"ftp://ftp.ncbi.nih.gov/genomes/genbank/plant/"	"NA"	"NA"	"NA"	"NA"
"Oryza_sativa_GCA_002151415.1"	"TRUE"	"Oryza_sativa"	"Oryza_sativa_Indica_Group"	4530	"angiosperm"	"ncbi"	"19/05/2017"	"Institute of Genetics and Developmental Biology Chinese Academy of Sciences"	"R498.Genome.version1"	"NA"	"GCA_002151415.1"	"chromosome"	"390.984"	"NA"	"43.611"	"ftp://ftp.ncbi.nih.gov/genomes/genbank/plant/"	"NA"	"NA"	"NA"	"NA"
"Glycine_max_GCA_003349995.1"	"TRUE"	"Glycine_max"	"Glycine_max"	3847	"angiosperm"	"ncbi"	"10/08/2018"	"Institute of Genetics and Developmental Biology "	" Chinese Academy of Science"	"Gmax_ZH13"	"GCA_003349995.1"	"chromosome"	"1017.57"	"NA"	"35.2683"	"ftp://ftp.ncbi.nih.gov/genomes/genbank/plant/"	"NA"	"NA"	"NA"	"NA"
"Glycine_max_GCA_002905335.2"	"TRUE"	"Glycine_max"	"Glycine_max"	3847	"angiosperm"	"ncbi"	"17/04/2019"	"Glycine max cv Lee and Glycine soja PI 483463 sequencing consortium"	"glyma.Lee.gnm1"	"NA"	"GCA_002905335.2"	"chromosome"	"1016.28"	"NA"	"35.3433"	"ftp://ftp.ncbi.nih.gov/genomes/genbank/plant/"	"NA"	"NA"	"NA"	"NA"
"Malus_domestica_GCA_000148765.2"	"TRUE"	"Malus_domestica"	"Malus_domestica"	3750	"angiosperm"	"ncbi"	"22/02/2011"	"IASMA research center"	"MalDomGD1.0"	"Malus_x_domestica_GoldenDelicious1.0"	"GCA_000148765.2"	"chromosome"	"1874.77"	"NA"	"45.3151"	"ftp://ftp.ncbi.nih.gov/genomes/genbank/plant/"	"NA"	"NA"	"NA"	"NA"
"Arachis_hypogaea_GCA_004170445.1"	"TRUE"	"Arachis_hypogaea"	"Arachis_hypogaea"	3818	"angiosperm"	"ncbi"	"12/02/2019"	"Guangdong Academy of Agricultural Sciences"	"ASM417044v1"	"NA"	"GCA_004170445.1"	"chromosome"	"2551.68"	"NA"	"36.4494"	"ftp://ftp.ncbi.nih.gov/genomes/genbank/plant/"	"NA"	"NA"	"NA"	"NA"
"Gossypium_hirsutum_GCA_006980775.1"	"TRUE"	"Gossypium_hirsutum"	"Gossypium_hirsutum"	3635	"angiosperm"	"ncbi"	"29/07/2019"	"Chinese Academy of Agricultural Sciences"	"ASM698077v1"	"NA"	"GCA_006980775.1"	"chromosome"	"2308.22"	"NA"	"34.4048"	"ftp://ftp.ncbi.nih.gov/genomes/genbank/plant/"	"NA"	"NA"	"NA"	"NA"
"Zea_mays_GCA_001990705.1"	"TRUE"	"Zea_mays"	"Zea_mays_subsp._mays"	4577	"angiosperm"	"ncbi"	"09/02/2017"	"Technical University of Munich"	" Plant Breeding"	"Zm-F7-REFERENCE-TUM-1.0"	"GCA_001990705.1"	"chromosome"	"2392.8"	"NA"	"46.8241"	"ftp://ftp.ncbi.nih.gov/genomes/genbank/plant/"	"NA"	"NA"	"NA"	"NA"
"Zea_mays_GCA_001984235.2"	"TRUE"	"Zea_mays"	"Zea_mays_subsp._mays"	4577	"angiosperm"	"ncbi"	"09/02/2017"	"Technical University of Munich"	" Plant Breeding"	"Zm-EP1-REFERENCE-TUM-1.0"	"GCA_001984235.2"	"chromosome"	"2455.26"	"NA"	"46.8254"	"ftp://ftp.ncbi.nih.gov/genomes/genbank/plant/"	"NA"	"NA"	"NA"	"NA"
"Zea_mays_GCA_001644905.2"	"TRUE"	"Zea_mays"	"Zea_mays_subsp._mays"	4577	"angiosperm"	"ncbi"	"02/02/2017"	"W22 Sequencing Consortium"	"Zm-W22-REFERENCE-NRGENE-2.0"	"NA"	"GCA_001644905.2"	"chromosome"	"2133.88"	"NA"	"46.7493"	"ftp://ftp.ncbi.nih.gov/genomes/genbank/plant/"	"NA"	"NA"	"NA"	"NA"
"Zea_mays_GCA_002682915.2"	"TRUE"	"Zea_mays"	"Zea_mays_subsp._mays"	4577	"angiosperm"	"ncbi"	"11/12/2017"	"Ethy Cannon"	"Zm_CML247_REFERENCE_PANZEA.1.2"	"NA"	"GCA_002682915.2"	"chromosome"	"2197.97"	"NA"	"46.7406"	"ftp://ftp.ncbi.nih.gov/genomes/genbank/plant/"	"NA"	"NA"	"NA"	"NA"
"Zea_mays_GCA_002237485.1"	"TRUE"	"Zea_mays"	"Zea_mays_subsp._mays"	4577	"angiosperm"	"ncbi"	"31/07/2017"	"Ethy Cannon"	"Zm-PH207-REFERENCE_NS-UIUC_UMN-1.1"	"NA"	"GCA_002237485.1"	"chromosome"	"2155.82"	"NA"	"46.6177"	"ftp://ftp.ncbi.nih.gov/genomes/genbank/plant/"	"NA"	"NA"	"NA"	"NA"
"Oryza_sativa_GCA_001952365.2"	"TRUE"	"Oryza_sativa"	"Oryza_sativa_aus_subgroup"	4530	"angiosperm"	"ncbi"	"17/04/2019"	"University of Arizona"	"ASM195236v2"	"NA"	"GCA_001952365.2"	"chromosome"	"372.203"	"NA"	"43.4034"	"ftp://ftp.ncbi.nih.gov/genomes/genbank/plant/"	"NA"	"NA"	"NA"	"NA"
"Glycine_max_GCA_000004515.4"	"TRUE"	"Glycine_max"	"Glycine_max"	3847	"angiosperm"	"ncbi"	"24/07/2018"	"US DOE Joint Genome Institute (JGI-PGF)"	"Glycine_max_v2.1"	"NA"	"GCA_000004515.4"	"chromosome"	"979.046"	"NA"	"35.1153"	"ftp://ftp.ncbi.nih.gov/genomes/genbank/plant/"	"NA"	"NA"	"NA"	"NA"
"Coffea_arabica_GCA_003713225.1"	"TRUE"	"Coffea_arabica"	"Coffea_arabica"	13443	"angiosperm"	"ncbi"	"08/11/2018"	"Johns Hopkins University"	"Cara_1.0"	"NA"	"GCA_003713225.1"	"chromosome"	"1094.45"	"NA"	"36.9585"	"ftp://ftp.ncbi.nih.gov/genomes/genbank/plant/"	"NA"	"NA"	"NA"	"NA"
"Malus_domestica_GCA_002114115.1"	"TRUE"	"Malus_domestica"	"Malus_domestica"	3750	"angiosperm"	"ncbi"	"03/05/2017"	"IRHS"	"ASM211411v1"	"Golden Delicious Doubled haploid version 1"	"GCA_002114115.1"	"chromosome"	"703.358"	"NA"	"39.359"	"ftp://ftp.ncbi.nih.gov/genomes/genbank/plant/"	"NA"	"NA"	"NA"	"NA"
"Gossypium_hirsutum_GCA_000987745.1"	"TRUE"	"Gossypium_hirsutum"	"Gossypium_hirsutum"	3635	"angiosperm"	"ncbi"	"05/05/2015"	"BGI-shenzhen"	"ASM98774v1"	"NA"	"GCA_000987745.1"	"chromosome"	"2189.14"	"NA"	"34.9006"	"ftp://ftp.ncbi.nih.gov/genomes/genbank/plant/"	"NA"	"NA"	"NA"	"NA"
"Olea_europaea_GCA_002742605.1"	"TRUE"	"Olea_europaea"	"Olea_europaea_var._sylvestris"	4146	"angiosperm"	"ncbi"	"03/11/2017"	"International Olive Genome Consortium"	"O_europaea_v1"	"NA"	"GCA_002742605.1"	"chromosome"	"1141.15"	"NA"	"36.7747"	"ftp://ftp.ncbi.nih.gov/genomes/genbank/plant/"	"NA"	"NA"	"NA"	"NA"
"Ananas_comosus_GCA_001540865.1"	"TRUE"	"Ananas_comosus"	"Ananas_comosus"	4615	"angiosperm"	"ncbi"	"14/03/2016"	"Fujian Agriculture and Forestry University"	"ASM154086v1"	"NA"	"GCA_001540865.1"	"chromosome"	"382.056"	"NA"	"38.5371"	"ftp://ftp.ncbi.nih.gov/genomes/genbank/plant/"	"NA"	"NA"	"NA"	"NA"
"Glycine_max_ACUP02000000"	"TRUE"	"Glycine_max"	"Glycine_max"	3847	"angiosperm"	"phytozome12"	"NA"	"NA"	"Wm82.a2.v1"	"NA"	"ACUP02000000"	"chromosome"	"NA"	"NA"	"NA"	"NA"	"NA"	"NA"	"NA"	"NA"
"Setaria_italica_AGNK01000000.2"	"TRUE"	"Setaria_italica"	"Setaria_italica"	4555	"angiosperm"	"phytozome12"	"NA"	"NA"	"v2.2"	"NA"	"AGNK01000000.2"	"chromosome"	"NA"	"NA"	"NA"	"NA"	"NA"	"NA"	"NA"	"NA"
"Populus_trichocarpa_GCA_000002775.3"	"TRUE"	"Populus_trichocarpa"	"Populus_trichocarpa"	3694	"angiosperm"	"phytozome12"	"24/01/2018"	"US DOE Joint Genome Institute (JGI"	"Pop_tri_v3"	"NA"	"GCA_000002775.3"	"chromosome"	"NA"	"NA"	"NA"	"NA"	"NA"	"NA"	"NA"	"NA"
"Sorghum_bicolor_ABXC03000000"	"TRUE"	"Sorghum_bicolor"	"Sorghum_bicolor"	4558	"angiosperm"	"phytozome12"	"NA"	"NA"	"v3.1.1"	"NA"	"ABXC03000000"	"chromosome"	"NA"	"NA"	"NA"	"NA"	"NA"	"NA"	"NA"	"NA"
"Arabidopsis_halleri_GCA_900078215.1"	"TRUE"	"Arabidopsis_halleri"	"Arabidopsis_halleri"	81970	"angiosperm"	"phytozome12"	"04/10/2016"	"UNIVERSITY OF ZUERICH"	"Ahal2.2"	"NA"	"GCA_900078215.1"	"chromosome"	"NA"	"NA"	"NA"	"NA"	"NA"	"NA"	"NA"	"NA"
"Arabidopsis_lyrata_GCA_000004255.2"	"TRUE"	"Arabidopsis_lyrata"	"Arabidopsis_lyrata"	59689	"angiosperm"	"phytozome12"	"NA"	"NA"	"v2.1"	"NA"	"GCA_000004255.2"	"chromosome"	"NA"	"NA"	"NA"	"NA"	"NA"	"NA"	"NA"	"NA"
"Arabidopsis_thaliana_GCA_000001735.2"	"TRUE"	"Arabidopsis_thaliana"	"Arabidopsis_thaliana"	3702	"angiosperm"	"phytozome12"	"01/06/2011"	"The Arabidopsis Information Resource (TAIR)"	"TAIR10"	"NA"	"GCA_000001735.2"	"chromosome"	"NA"	"NA"	"NA"	"NA"	"NA"	"NA"	"NA"	"NA"
"Brachypodium_distachyon_ADDN01000000"	"TRUE"	"Brachypodium_distachyon"	"Brachypodium_distachyon"	15368	"angiosperm"	"phytozome12"	"NA"	"NA"	"v3.1"	"NA"	"ADDN01000000"	"chromosome"	"NA"	"NA"	"NA"	"NA"	"NA"	"NA"	"NA"	"NA"
"Brachypodium_stacei_NA"	"TRUE"	"Brachypodium_stacei"	"Brachypodium_stacei"	1071399	"angiosperm"	"phytozome12"	"14/11/2019"	"na"	"ASM966297v1"	"NA"	"NA"	"chromosome"	"NA"	"NA"	"NA"	"NA"	"NA"	"NA"	"NA"	"NA"
"Daucus_carota_LNRQ00000000"	"TRUE"	"Daucus_carota"	"Daucus_carota"	4039	"angiosperm"	"phytozome12"	"25/05/2016"	"USDA ARS"	"ASM162521v1"	"NA"	"LNRQ00000000"	"chromosome"	"NA"	"NA"	"NA"	"NA"	"NA"	"NA"	"NA"	"NA"
"Fragaria_vesca_AEMH00000000"	"TRUE"	"Fragaria_vesca"	"Fragaria_vesca"	57918	"angiosperm"	"phytozome12"	"23/12/2010"	"Virginia Bioinformatics Institute"	"FraVesHawaii_1.0"	"Fragaria vesca Hawaii-4 June 2010"	"AEMH00000000"	"chromosome"	"NA"	"NA"	"NA"	"NA"	"NA"	"NA"	"NA"	"NA"
"Gossypium_raimondii_ALYE01000000"	"TRUE"	"Gossypium_raimondii"	"Gossypium_raimondii"	29730	"angiosperm"	"phytozome12"	"NA"	"NA"	"v2.1"	"NA"	"ALYE01000000"	"chromosome"	"NA"	"NA"	"NA"	"NA"	"NA"	"NA"	"NA"	"NA"
"Manihot_esculenta_LTYI01000000.1"	"TRUE"	"Manihot_esculenta"	"Manihot_esculenta"	3983	"angiosperm"	"phytozome12"	"NA"	"NA"	"v6.1"	"NA"	"LTYI01000000.1"	"chromosome"	"NA"	"NA"	"NA"	"NA"	"NA"	"NA"	"NA"	"NA"
"Micromonas_sp_NA"	"TRUE"	"Micromonas_sp"	"Micromonas_sp"	"NA"	"NA"	"phytozome12"	"14/11/2019"	"na"	"ASM966297v1"	"NA"	"NA"	"chromosome"	"NA"	"NA"	"NA"	"NA"	"NA"	"NA"	"NA"	"NA"
"Mimulus_guttatus_NA"	"TRUE"	"Mimulus_guttatus"	"Mimulus_guttatus"	4155	"angiosperm"	"phytozome12"	"14/11/2019"	"na"	"ASM966297v1"	"NA"	"NA"	"chromosome"	"NA"	"NA"	"NA"	"NA"	"NA"	"NA"	"NA"	"NA"
"Musa_acuminata_GCA_000313855.1"	"TRUE"	"Musa_acuminata"	"Musa_acuminata"	4641	"angiosperm"	"phytozome12"	"21/11/2012"	"Genoscope/IG/CEA"	"ASM31385v1"	"NA"	"GCA_000313855.1"	"chromosome"	"NA"	"NA"	"NA"	"NA"	"NA"	"NA"	"NA"	"NA"
"Oryza_sativa_GCA_001433935.1"	"TRUE"	"Oryza_sativa"	"Oryza_sativa"	4530	"angiosperm"	"phytozome12"	"06/11/2015"	"National Institute of Agrobiological Sciences"	"IRGSP-1.0"	"Os-Nipponbare-Reference-IRGSP-1.0"	"GCA_001433935.1"	"chromosome"	"NA"	"NA"	"NA"	"NA"	"NA"	"NA"	"NA"	"NA"
"Ostreococcus_lucimarinus_GCA_000092065.1"	"TRUE"	"Ostreococcus_lucimarinus"	"Ostreococcus_lucimarinus"	242159	"NA"	"phytozome12"	"14/06/2010"	"US DOE Joint Genome Institute"	"ASM9206v1"	"NA"	"GCA_000092065.1"	"chromosome"	"NA"	"NA"	"NA"	"NA"	"NA"	"NA"	"NA"	"NA"
"Prunus_persica_AKXU02000000.2"	"TRUE"	"Prunus_persica"	"Prunus_persica"	3760	"angiosperm"	"phytozome12"	"NA"	"NA"	"v2.1"	"NA"	"AKXU02000000.2"	"chromosome"	"NA"	"NA"	"NA"	"NA"	"NA"	"NA"	"NA"	"NA"
"Selaginella_moellendorffii_GCA_000143415.1"	"TRUE"	"Selaginella_moellendorffii"	"Selaginella_moellendorffii"	88036	"moss"	"phytozome12"	"07/07/2010"	"Selaginella Consortium"	"v1.0"	"NA"	"GCA_000143415.1"	"chromosome"	"NA"	"NA"	"NA"	"NA"	"NA"	"NA"	"NA"	"NA"
"Solanum_lycopersicum_AEKE00000000"	"TRUE"	"Solanum_lycopersicum"	"Solanum_lycopersicum"	4081	"angiosperm"	"phytozome12"	"18/04/2018"	"Solanaceae Genomics Project"	"SL3.0"	"NA"	"AEKE00000000"	"chromosome"	"NA"	"NA"	"NA"	"NA"	"NA"	"NA"	"NA"	"NA"
"Sphagnum_fallax_NA"	"TRUE"	"Sphagnum_fallax"	"Sphagnum_fallax"	53036	"NA"	"phytozome12"	"14/11/2019"	"na"	"ASM966297v1"	"NA"	"NA"	"chromosome"	"NA"	"NA"	"NA"	"NA"	"NA"	"NA"	"NA"	"NA"
"Spirodela_polyrhiza_GCA_000504445.1"	"TRUE"	"Spirodela_polyrhiza"	"Spirodela_polyrhiza"	29656	"angiosperm"	"phytozome12"	"06/12/2013"	"Waksman Institute"	"Spirodela_polyrhiza_v01"	"NA"	"GCA_000504445.1"	"chromosome"	"NA"	"NA"	"NA"	"NA"	"NA"	"NA"	"NA"	"NA"
"Trifolium_pratense_GCA_900292005.1"	"TRUE"	"Trifolium_pratense"	"Trifolium_pratense"	57577	"angiosperm"	"phytozome12"	"27/12/2018"	"TGAC"	"Trifolium pratense genome v3"	"NA"	"GCA_900292005.1"	"chromosome"	"NA"	"NA"	"NA"	"NA"	"NA"	"NA"	"NA"	"NA"
"Vitis_vinifera_GCA_000003745.2"	"TRUE"	"Vitis_vinifera"	"Vitis_vinifera"	29760	"angiosperm"	"phytozome12"	"01/11/2011"	"International Grape Genome Program"	"12X"	"NA"	"GCA_000003745.2"	"chromosome"	"NA"	"NA"	"NA"	"NA"	"NA"	"NA"	"NA"	"NA"
"Zea_mays_GCA_000005005.6"	"TRUE"	"Zea_mays"	"Zea_mays"	4577	"angiosperm"	"phytozome12"	"07/02/2017"	"maizesequence"	"B73 RefGen_v4"	"Zm-B73-REFERENCE-GRAMENE-4.0"	"GCA_000005005.6"	"chromosome"	"NA"	"NA"	"NA"	"NA"	"NA"	"NA"	"NA"	"NA"
"Zea_mays_GCA_002237485.1"	"TRUE"	"Zea_mays"	"Zea_mays"	4577	"angiosperm"	"phytozome12"	"31/07/2017"	"Ethy Cannon"	"Zm-PH207-REFERENCE_NS-UIUC_UMN-1.1"	"NA"	"GCA_002237485.1"	"chromosome"	"NA"	"NA"	"NA"	"NA"	"NA"	"NA"	"NA"	"NA"
"Zostera_marina_LFYR00000000"	"TRUE"	"Zostera_marina"	"Zostera_marina"	29655	"angiosperm"	"phytozome12"	"22/07/2015"	"JGI-PGF"	"Zosma_marina.v.2.1"	"NA"	"LFYR00000000"	"chromosome"	"NA"	"NA"	"NA"	"NA"	"NA"	"NA"	"NA"	"NA"
"NA"	"NA"	"Populus_trichocarpa"	"NA"	"NA"	"angiosperm"	"plantgenie"	"NA"	"NA"	"NA"	"NA"	"NA"	"NA"	"NA"	"NA"	"NA"	"NA"	"NA"	"NA"	"NA"	"NA"
"NA"	"NA"	"Populus_tremula"	"NA"	"NA"	"angiosperm"	"plantgenie"	"NA"	"NA"	"NA"	"NA"	"NA"	"NA"	"NA"	"NA"	"NA"	"NA"	"NA"	"NA"	"NA"	"NA"
"NA"	"NA"	"Populus_tremuloides"	"NA"	"NA"	"angiosperm"	"plantgenie"	"NA"	"NA"	"NA"	"NA"	"NA"	"NA"	"NA"	"NA"	"NA"	"NA"	"NA"	"NA"	"NA"	"NA"
"NA"	"NA"	"Salix_suchowensis"	"NA"	"NA"	"angiosperm"	"plantgenie"	"NA"	"NA"	"NA"	"NA"	"NA"	"NA"	"NA"	"NA"	"NA"	"NA"	"NA"	"NA"	"NA"	"NA"
"NA"	"NA"	"Eucalyptus_grandis"	"NA"	"NA"	"angiosperm"	"plantgenie"	"NA"	"NA"	"NA"	"NA"	"NA"	"NA"	"NA"	"NA"	"NA"	"NA"	"NA"	"NA"	"NA"	"NA"
"Solanum_lycopersicum_ITAG4.0"	"TRUE"	"Solanum_lycopersicum"	"NA"	"NA"	"angiosperm"	"solgenomics"	"NA"	"NA"	"ITAG4.0"	"NA"	"ITAG4.0"	"chromosome"	"NA"	"NA"	"NA"	"ftp://ftp.solgenomics.net/tomato_genome/"	"NA"	"NA"	"NA"	"NA"
"Solanum_tuberosum_PGSC_DM_v4.03"	"TRUE"	"Solanum_tuberosum"	"NA"	"NA"	"angiosperm"	"solgenomics"	"NA"	"NA"	"PGSC_DM_v4.03"	"NA"	"PGSC_DM_v4.03"	"chromosome"	"NA"	"NA"	"NA"	"ftp://ftp.solgenomics.net/genomes/Solanum_tuberosum/assembly/PGSC_DM_v4.03/"	"NA"	"NA"	"NA"	"NA"
"Theobroma_cacao_GCA_000403535.1"	"TRUE"	"Theobroma_cacao"	"NA"	"NA"	"angiosperm"	"ncbi"	"NA"	"NA"	"NA"	"NA"	"GCA_000403535.1"	"chromosome"	"NA"	"NA"	"NA"	"ftp://ftp.ncbi.nih.gov/genomes/genbank/plant/"	"NA"	"NA"	"NA"	"NA"
"Brachypodium_distachyon_GCA_000005505.1"	"TRUE"	"Brachypodium_distachyon"	"NA"	"NA"	"angiosperm"	"ncbi"	"NA"	"NA"	"NA"	"NA"	"GCA_000005505.1"	"chromosome"	"NA"	"NA"	"NA"	"NA"	"NA"	"NA"	"NA"	"NA"
"Cucumis_melo_v4.0"	"TRUE"	"Cucumis_melo"	"NA"	"NA"	"angiosperm"	"melonomics"	"NA"	"NA"	"NA"	"NA"	"v4.0"	"chromosome"	"NA"	"NA"	"NA"	"NA"	"NA"	"NA"	"NA"	"NA"
